,Start,End,Sleep quality,Time in bed,Start day,Start time,End time,Drank coffee,Drank tea,Worked out,Stressful day,Ate late,Sleep cycle,Previous day time in bed
0,2014-12-29 22:57:49,2014-12-29 22:57:49,100,512,Mon,22,22,False,False,False,False,False,5,464
1,2014-12-30 21:17:50,2014-12-30 21:17:50,3,16,Tue,21,21,False,False,False,True,False,0,512
2,2014-12-30 22:42:49,2014-12-30 22:42:49,98,510,Tue,22,22,False,False,False,False,False,5,16
3,2014-12-31 22:31:01,2014-12-31 22:31:01,65,452,Wed,22,22,False,False,False,False,False,5,510
4,2015-01-01 22:12:10,2015-01-01 22:12:10,72,404,Thur,22,22,True,True,False,False,False,4,452
5,2015-01-03 00:34:57,2015-01-03 00:34:57,83,432,Sat,0,0,True,True,False,False,False,4,404
6,2015-01-04 00:23:06,2015-01-04 00:23:06,78,434,Sun,0,0,False,True,False,False,False,4,432
7,2015-01-04 21:34:44,2015-01-04 21:34:44,78,438,Sun,21,21,True,False,False,False,True,4,434
8,2015-01-05 21:32:25,2015-01-05 21:32:25,69,447,Mon,21,21,True,True,True,False,False,4,438
9,2015-01-06 21:24:56,2015-01-06 21:24:56,74,455,Tue,21,21,False,True,True,False,False,5,447
10,2015-01-07 20:59:58,2015-01-07 20:59:58,81,559,Wed,20,20,True,True,False,True,False,6,455
11,2015-01-08 22:58:18,2015-01-08 22:58:18,88,436,Thur,22,22,True,True,False,False,False,4,559
12,2015-01-09 22:27:58,2015-01-09 22:27:58,77,541,Fri,22,22,True,True,False,False,False,6,436
13,2015-01-10 22:38:24,2015-01-10 22:38:24,89,530,Sat,22,22,True,True,False,False,False,5,541
14,2015-01-11 22:12:07,2015-01-11 22:12:07,78,488,Sun,22,22,False,True,False,False,False,5,530
15,2015-01-12 21:01:46,2015-01-12 21:01:46,100,551,Mon,21,21,False,True,True,False,False,6,488
16,2015-01-13 22:14:29,2015-01-13 22:14:29,100,486,Tue,22,22,True,True,False,False,False,5,551
17,2015-01-14 21:48:26,2015-01-14 21:48:26,88,433,Wed,21,21,True,True,True,False,False,4,486
18,2015-01-15 21:32:07,2015-01-15 21:32:07,87,442,Thur,21,21,False,True,False,False,False,4,433
19,2015-01-17 02:11:57,2015-01-17 02:11:57,83,411,Sat,2,2,True,True,False,False,False,4,442
20,2015-01-17 23:55:16,2015-01-17 23:55:16,93,471,Sat,23,23,True,True,False,False,False,5,411
21,2015-01-18 21:51:53,2015-01-18 21:51:53,58,432,Sun,21,21,True,False,False,False,False,4,471
22,2015-01-19 05:06:38,2015-01-19 05:06:38,16,73,Mon,5,5,False,False,False,False,False,0,432
23,2015-01-19 21:45:19,2015-01-19 21:45:19,75,480,Mon,21,21,True,True,True,False,False,5,73
24,2015-01-20 21:42:37,2015-01-20 21:42:37,80,482,Tue,21,21,True,True,True,False,False,5,480
25,2015-01-21 22:34:35,2015-01-21 22:34:35,87,462,Wed,22,22,True,True,True,False,False,5,482
26,2015-01-25 20:55:02,2015-01-25 20:55:02,87,559,Sun,20,20,True,False,False,False,False,6,462
27,2015-01-26 22:36:21,2015-01-26 22:36:21,83,455,Mon,22,22,True,True,False,True,False,5,559
28,2015-01-28 21:43:16,2015-01-28 21:43:16,76,457,Wed,21,21,True,True,False,True,False,5,455
29,2015-01-29 22:23:40,2015-01-29 22:23:40,67,425,Thur,22,22,True,True,True,False,False,4,457
30,2015-01-31 00:13:46,2015-01-31 00:13:46,93,483,Sat,0,0,True,True,False,True,False,5,425
31,2015-02-01 21:55:59,2015-02-01 21:55:59,64,433,Sun,21,21,True,True,False,False,False,4,483
32,2015-02-02 22:30:35,2015-02-02 22:30:35,75,469,Mon,22,22,False,True,False,False,False,5,433
33,2015-02-03 22:47:33,2015-02-03 22:47:33,72,452,Tue,22,22,True,True,False,False,False,5,469
34,2015-02-04 23:03:06,2015-02-04 23:03:06,70,427,Wed,23,23,False,True,True,False,False,4,452
35,2015-02-08 22:30:34,2015-02-08 22:30:34,89,497,Sun,22,22,True,True,False,False,False,5,427
36,2015-02-09 21:55:43,2015-02-09 21:55:43,85,497,Mon,21,21,True,False,False,False,False,5,497
37,2015-02-10 22:20:46,2015-02-10 22:20:46,59,480,Tue,22,22,True,False,False,False,False,5,497
38,2015-02-11 21:53:45,2015-02-11 21:53:45,67,456,Wed,21,21,True,True,True,False,False,5,480
39,2015-02-12 22:34:54,2015-02-12 22:34:54,69,409,Thur,22,22,True,True,True,False,False,4,456
40,2015-02-15 22:16:27,2015-02-15 22:16:27,74,424,Sun,22,22,True,False,False,False,False,4,409
41,2015-02-17 00:02:30,2015-02-17 00:02:30,78,373,Tue,0,0,True,True,True,False,False,4,424
42,2015-02-17 22:20:00,2015-02-17 22:20:00,70,405,Tue,22,22,True,True,False,False,False,4,373
43,2015-02-19 22:39:45,2015-02-19 22:39:45,77,460,Thur,22,22,True,True,False,True,False,5,405
44,2015-02-21 00:31:24,2015-02-21 00:31:24,72,420,Sat,0,0,True,True,True,False,False,4,460
45,2015-02-21 22:54:00,2015-02-21 22:54:00,92,535,Sat,22,22,True,True,False,False,False,5,420
46,2015-02-22 22:18:00,2015-02-22 22:18:00,87,482,Sun,22,22,True,False,False,False,False,5,535
47,2015-02-24 22:30:11,2015-02-24 22:30:11,69,469,Tue,22,22,True,True,False,False,False,5,482
48,2015-02-26 01:22:32,2015-02-26 01:22:32,65,354,Thur,1,1,True,True,False,False,False,3,469
49,2015-02-26 21:42:32,2015-02-26 21:42:32,90,474,Thur,21,21,False,True,True,False,False,5,354
50,2015-03-01 20:14:26,2015-03-01 20:14:26,88,569,Sun,20,20,True,False,False,False,False,6,474
51,2015-03-03 21:47:16,2015-03-03 21:47:16,61,463,Tue,21,21,True,True,True,False,False,5,569
52,2015-03-04 20:53:47,2015-03-04 20:53:47,54,559,Wed,20,20,True,True,True,True,False,6,463
53,2015-03-05 22:29:33,2015-03-05 22:29:33,86,470,Thur,22,22,True,True,False,False,False,5,559
54,2015-03-08 22:54:58,2015-03-08 22:54:58,69,445,Sun,22,22,True,False,False,False,False,4,470
55,2015-03-09 21:28:08,2015-03-09 21:28:08,99,530,Mon,21,21,True,True,False,False,False,5,445
56,2015-03-10 22:17:17,2015-03-10 22:17:17,82,481,Tue,22,22,True,True,False,False,False,5,530
57,2015-03-11 21:39:44,2015-03-11 21:39:44,77,460,Wed,21,21,True,True,False,False,False,5,481
58,2015-03-12 21:44:36,2015-03-12 21:44:36,72,456,Thur,21,21,True,True,True,False,False,5,460
59,2015-03-15 21:50:56,2015-03-15 21:50:56,82,420,Sun,21,21,False,False,False,False,False,4,456
60,2015-03-16 21:48:42,2015-03-16 21:48:42,75,452,Mon,21,21,True,True,False,False,False,5,420
61,2015-03-17 23:57:46,2015-03-17 23:57:46,91,483,Tue,23,23,True,True,True,False,False,5,452
62,2015-03-21 01:10:15,2015-03-21 01:10:15,74,409,Sat,1,1,True,False,False,False,False,4,483
63,2015-03-22 23:07:46,2015-03-22 23:07:46,75,502,Sun,23,23,True,True,False,False,False,5,409
64,2015-03-24 22:11:07,2015-03-24 22:11:07,84,487,Tue,22,22,True,False,False,False,False,5,502
65,2015-03-25 22:00:06,2015-03-25 22:00:06,76,442,Wed,22,22,True,True,True,False,False,4,487
66,2015-03-26 21:23:43,2015-03-26 21:23:43,92,483,Thur,21,21,False,True,True,False,False,5,442
67,2015-03-30 22:30:48,2015-03-30 22:30:48,82,417,Mon,22,22,True,False,True,False,False,4,483
68,2015-03-31 22:17:15,2015-03-31 22:17:15,84,452,Tue,22,22,True,True,True,False,False,5,417
69,2015-04-04 23:13:30,2015-04-04 23:13:30,95,497,Sat,23,23,True,True,False,False,False,5,452
70,2015-04-06 21:22:37,2015-04-06 21:22:37,79,533,Mon,21,21,True,True,False,False,False,5,497
71,2015-04-07 21:17:36,2015-04-07 21:17:36,100,541,Tue,21,21,False,True,False,False,False,6,533
72,2015-04-08 22:09:38,2015-04-08 22:09:38,81,412,Wed,22,22,False,True,False,False,False,4,541
73,2015-04-09 21:56:08,2015-04-09 21:56:08,80,447,Thur,21,21,True,True,True,False,False,4,412
74,2015-04-10 23:51:30,2015-04-10 23:51:30,85,470,Fri,23,23,False,True,True,False,False,5,447
75,2015-04-11 23:16:56,2015-04-11 23:16:56,97,456,Sat,23,23,True,True,False,False,False,5,470
76,2015-04-12 22:04:59,2015-04-12 22:04:59,84,456,Sun,22,22,True,True,False,False,False,5,456
77,2015-04-13 22:19:39,2015-04-13 22:19:39,78,445,Mon,22,22,False,True,True,False,False,4,456
78,2015-04-15 00:28:55,2015-04-15 00:28:55,81,421,Wed,0,0,True,True,True,False,False,4,445
79,2015-04-16 23:20:50,2015-04-16 23:20:50,82,419,Thur,23,23,True,True,False,False,False,4,421
80,2015-04-17 23:50:04,2015-04-17 23:50:04,59,452,Fri,23,23,True,True,True,True,False,5,419
81,2015-04-20 22:37:59,2015-04-20 22:37:59,77,460,Mon,22,22,True,True,False,False,False,5,452
82,2015-04-22 21:31:35,2015-04-22 21:31:35,77,459,Wed,21,21,True,True,False,True,False,5,460
83,2015-04-23 21:46:46,2015-04-23 21:46:46,87,446,Thur,21,21,True,True,True,True,False,4,459
84,2015-04-25 22:53:27,2015-04-25 22:53:27,100,540,Sat,22,22,True,True,False,False,False,6,446
85,2015-04-26 21:51:16,2015-04-26 21:51:16,70,427,Sun,21,21,True,True,False,False,True,4,540
86,2015-04-27 21:35:56,2015-04-27 21:35:56,77,441,Mon,21,21,False,True,True,False,False,4,427
87,2015-04-28 21:41:45,2015-04-28 21:41:45,53,438,Tue,21,21,True,False,True,False,False,4,441
88,2015-04-30 23:13:44,2015-04-30 23:13:44,77,412,Thur,23,23,True,True,False,True,False,4,438
89,2015-05-01 22:20:45,2015-05-01 22:20:45,65,466,Fri,22,22,True,False,True,False,False,5,412
90,2015-05-05 22:23:26,2015-05-05 22:23:26,83,474,Tue,22,22,True,True,True,False,False,5,466
91,2015-05-06 21:47:25,2015-05-06 21:47:25,50,454,Wed,21,21,True,True,True,False,True,5,474
92,2015-05-07 21:22:59,2015-05-07 21:22:59,89,454,Thur,21,21,False,True,True,False,False,5,454
93,2015-05-09 01:58:47,2015-05-09 01:58:47,61,303,Sat,1,1,True,True,True,True,False,3,454
94,2015-05-10 22:11:42,2015-05-10 22:11:42,66,408,Sun,22,22,True,True,True,False,False,4,303
95,2015-05-11 21:57:02,2015-05-11 21:57:02,75,423,Mon,21,21,False,True,True,False,False,4,408
96,2015-05-12 22:04:51,2015-05-12 22:04:51,72,407,Tue,22,22,False,True,True,False,False,4,423
97,2015-05-14 22:49:01,2015-05-14 22:49:01,79,448,Thur,22,22,True,True,False,False,False,4,407
98,2015-05-17 21:03:11,2015-05-17 21:03:11,93,646,Sun,21,21,False,True,False,True,False,7,448
99,2015-05-18 22:39:06,2015-05-18 22:39:06,91,461,Mon,22,22,False,False,False,False,False,5,646
100,2015-05-20 22:22:50,2015-05-20 22:22:50,59,422,Wed,22,22,False,True,True,False,False,4,461
101,2015-05-21 22:47:04,2015-05-21 22:47:04,74,398,Thur,22,22,True,True,True,False,False,4,422
102,2015-05-24 00:01:49,2015-05-24 00:01:49,73,453,Sun,0,0,True,False,True,False,False,5,398
103,2015-05-24 22:58:17,2015-05-24 22:58:17,67,467,Sun,22,22,True,True,False,False,False,5,453
104,2015-05-25 22:05:49,2015-05-25 22:05:49,85,443,Mon,22,22,True,True,False,False,False,4,467
105,2015-05-26 22:18:17,2015-05-26 22:18:17,69,416,Tue,22,22,True,True,True,False,False,4,443
106,2015-05-28 23:10:34,2015-05-28 23:10:34,81,469,Thur,23,23,True,True,True,False,False,5,416
107,2015-05-31 23:16:56,2015-05-31 23:16:56,72,423,Sun,23,23,True,False,False,False,False,4,469
108,2015-06-01 22:20:07,2015-06-01 22:20:07,76,479,Mon,22,22,True,True,True,False,False,5,423
109,2015-06-03 22:19:31,2015-06-03 22:19:31,78,420,Wed,22,22,True,True,False,False,False,4,479
110,2015-06-04 22:20:19,2015-06-04 22:20:19,70,325,Thur,22,22,True,True,True,False,False,3,420
111,2015-06-05 03:45:52,2015-06-05 03:45:52,23,115,Fri,3,3,False,False,False,False,False,1,325
112,2015-06-07 22:01:10,2015-06-07 22:01:10,75,459,Sun,22,22,True,False,False,False,False,5,115
113,2015-06-08 21:57:12,2015-06-08 21:57:12,69,439,Mon,21,21,True,True,True,False,False,4,459
114,2015-06-09 21:07:02,2015-06-09 21:07:02,83,474,Tue,21,21,True,True,True,False,False,5,439
115,2015-06-10 21:12:48,2015-06-10 21:12:48,92,544,Wed,21,21,False,True,True,True,False,6,474
116,2015-06-11 22:54:00,2015-06-11 22:54:00,74,445,Thur,22,22,True,False,True,False,False,4,544
117,2015-06-14 22:38:25,2015-06-14 22:38:25,81,454,Sun,22,22,True,True,False,False,False,5,445
118,2015-06-15 22:31:51,2015-06-15 22:31:51,88,468,Mon,22,22,True,True,True,False,False,5,454
119,2015-06-16 22:21:15,2015-06-16 22:21:15,69,479,Tue,22,22,True,True,True,True,False,5,468
120,2015-06-17 21:28:17,2015-06-17 21:28:17,63,451,Wed,21,21,True,False,False,False,False,5,479
121,2015-06-18 22:26:07,2015-06-18 22:26:07,71,380,Thur,22,22,True,False,True,False,False,4,451
122,2015-06-22 21:54:38,2015-06-22 21:54:38,78,433,Mon,21,21,True,False,True,False,False,4,380
123,2015-06-23 22:09:26,2015-06-23 22:09:26,76,408,Tue,22,22,True,True,True,False,False,4,433
124,2015-06-24 04:58:36,2015-06-24 04:58:36,10,46,Wed,4,4,False,False,False,False,False,0,408
125,2015-06-24 22:37:23,2015-06-24 22:37:23,82,463,Wed,22,22,True,False,True,True,False,5,46
126,2015-07-11 22:29:21,2015-07-11 22:29:21,98,571,Sat,22,22,True,False,False,True,False,6,463
127,2015-07-19 21:38:23,2015-07-19 21:38:23,69,511,Sun,21,21,True,False,False,False,False,5,571
128,2015-07-20 22:01:21,2015-07-20 22:01:21,68,423,Mon,22,22,True,True,True,False,False,4,511
129,2015-07-21 22:02:34,2015-07-21 22:02:34,79,462,Tue,22,22,True,True,True,False,False,5,423
130,2015-07-23 22:29:37,2015-07-23 22:29:37,86,494,Thur,22,22,True,False,True,True,False,5,462
131,2015-07-26 22:29:51,2015-07-26 22:29:51,93,470,Sun,22,22,True,False,True,False,False,5,494
132,2015-07-28 21:32:08,2015-07-28 21:32:08,68,487,Tue,21,21,True,True,True,True,False,5,470
133,2015-07-29 23:06:06,2015-07-29 23:06:06,71,394,Wed,23,23,True,True,True,False,False,4,487
134,2015-07-30 21:40:08,2015-07-30 21:40:08,88,480,Thur,21,21,True,False,True,False,False,5,394
135,2015-08-01 01:41:20,2015-08-01 01:41:20,77,409,Sat,1,1,True,True,True,False,False,4,480
136,2015-08-01 22:55:10,2015-08-01 22:55:10,97,546,Sat,22,22,True,False,True,False,False,6,409
137,2015-08-02 23:45:43,2015-08-02 23:45:43,3,15,Sun,23,23,True,False,True,False,False,0,546
138,2015-08-03 00:26:02,2015-08-03 00:26:02,88,419,Mon,0,0,True,False,True,False,False,4,15
139,2015-08-03 21:46:15,2015-08-03 21:46:15,71,434,Mon,21,21,True,False,True,True,False,4,419
140,2015-08-04 21:17:10,2015-08-04 21:17:10,81,458,Tue,21,21,True,True,True,False,False,5,434
141,2015-08-05 21:35:13,2015-08-05 21:35:13,78,439,Wed,21,21,True,True,True,False,False,4,458
142,2015-08-08 00:19:09,2015-08-08 00:19:09,97,457,Sat,0,0,True,False,True,False,False,5,439
143,2015-08-10 00:01:12,2015-08-10 00:01:12,65,302,Mon,0,0,True,False,False,False,False,3,457
144,2015-08-10 21:11:19,2015-08-10 21:11:19,72,538,Mon,21,21,True,True,True,False,False,5,302
145,2015-08-15 23:41:21,2015-08-15 23:41:21,84,466,Sat,23,23,True,False,False,False,False,5,538
146,2015-08-16 21:44:20,2015-08-16 21:44:20,58,420,Sun,21,21,True,False,False,False,False,4,466
147,2015-08-17 22:13:05,2015-08-17 22:13:05,85,434,Mon,22,22,True,True,True,False,False,4,420
148,2015-08-18 22:33:21,2015-08-18 22:33:21,90,492,Tue,22,22,True,True,True,False,False,5,434
149,2015-08-19 21:48:50,2015-08-19 21:48:50,79,492,Wed,21,21,True,False,True,False,False,5,492
150,2015-08-20 22:36:23,2015-08-20 22:36:23,69,443,Thur,22,22,True,False,False,False,False,4,492
151,2015-08-21 21:52:41,2015-08-21 21:52:41,88,487,Fri,21,21,True,False,False,True,False,5,443
152,2015-08-22 21:59:47,2015-08-22 21:59:47,90,469,Sat,21,21,True,False,False,False,False,5,487
153,2015-08-23 21:59:05,2015-08-23 21:59:05,83,450,Sun,21,21,True,True,False,False,True,5,469
154,2015-08-25 21:57:25,2015-08-25 21:57:25,67,468,Tue,21,21,True,False,False,False,False,5,450
155,2015-08-26 21:14:31,2015-08-26 21:14:31,90,510,Wed,21,21,True,False,False,True,False,5,468
156,2015-08-27 21:19:00,2015-08-27 21:19:00,93,506,Thur,21,21,False,False,False,False,False,5,510
157,2015-08-28 22:01:03,2015-08-28 22:01:03,85,479,Fri,22,22,True,True,False,False,False,5,506
158,2015-08-30 22:00:05,2015-08-30 22:00:05,84,480,Sun,22,22,True,False,False,False,False,5,479
159,2015-08-31 22:14:35,2015-08-31 22:14:35,77,466,Mon,22,22,True,False,False,False,False,5,480
160,2015-09-01 22:00:12,2015-09-01 22:00:12,85,479,Tue,22,22,False,True,False,False,False,5,466
161,2015-09-02 23:36:43,2015-09-02 23:36:43,77,453,Wed,23,23,True,False,False,False,False,5,479
162,2015-09-05 22:54:41,2015-09-05 22:54:41,87,484,Sat,22,22,True,False,False,False,False,5,453
163,2015-09-07 22:45:57,2015-09-07 22:45:57,84,447,Mon,22,22,True,True,False,False,False,4,484
164,2015-09-08 22:03:28,2015-09-08 22:03:28,86,481,Tue,22,22,False,True,True,False,False,5,447
165,2015-09-09 22:40:40,2015-09-09 22:40:40,83,449,Wed,22,22,True,True,True,False,False,4,481
166,2015-09-10 22:10:47,2015-09-10 22:10:47,77,406,Thur,22,22,True,True,True,False,False,4,449
167,2015-09-12 00:06:20,2015-09-12 00:06:20,81,455,Sat,0,0,True,False,True,False,False,5,406
168,2015-09-13 22:03:28,2015-09-13 22:03:28,81,467,Sun,22,22,True,False,False,False,False,5,455
169,2015-09-14 22:33:49,2015-09-14 22:33:49,83,476,Mon,22,22,True,False,True,True,False,5,467
170,2015-09-15 22:14:42,2015-09-15 22:14:42,70,460,Tue,22,22,True,False,True,False,False,5,476
171,2015-09-16 21:59:14,2015-09-16 21:59:14,80,500,Wed,21,21,True,True,True,False,False,5,460
172,2015-09-17 22:57:35,2015-09-17 22:57:35,60,442,Thur,22,22,True,True,True,False,False,4,500
173,2015-09-19 00:31:33,2015-09-19 00:31:33,55,383,Sat,0,0,True,False,False,False,False,4,442
174,2015-09-19 22:01:37,2015-09-19 22:01:37,91,527,Sat,22,22,True,False,False,False,False,5,383
175,2015-09-20 22:07:26,2015-09-20 22:07:26,79,488,Sun,22,22,True,True,True,False,False,5,527
176,2015-09-22 21:34:08,2015-09-22 21:34:08,81,521,Tue,21,21,True,True,True,False,False,5,488
177,2015-09-23 21:37:35,2015-09-23 21:37:35,77,449,Wed,21,21,True,True,True,False,False,4,521
178,2015-09-24 22:37:41,2015-09-24 22:37:41,83,442,Thur,22,22,True,True,True,False,True,4,449
179,2015-09-27 22:57:29,2015-09-27 22:57:29,82,482,Sun,22,22,False,True,False,False,False,5,442
180,2015-09-28 21:12:50,2015-09-28 21:12:50,90,482,Mon,21,21,False,True,True,False,False,5,482
181,2015-09-29 22:54:50,2015-09-29 22:54:50,89,445,Tue,22,22,True,True,True,False,True,4,482
182,2015-09-30 23:57:47,2015-09-30 23:57:47,62,376,Wed,23,23,True,True,True,False,False,4,445
183,2015-10-03 00:09:08,2015-10-03 00:09:08,69,437,Sat,0,0,True,False,True,False,False,4,376
184,2015-10-11 00:27:25,2015-10-11 00:27:25,100,511,Sun,0,0,True,False,False,True,False,5,437
185,2015-10-12 21:59:10,2015-10-12 21:59:10,74,481,Mon,21,21,True,True,True,False,True,5,511
186,2015-10-13 22:19:10,2015-10-13 22:19:10,59,400,Tue,22,22,True,False,True,False,False,4,481
187,2015-10-14 05:00:29,2015-10-14 05:00:29,13,60,Wed,5,5,False,False,False,False,False,0,400
188,2015-10-14 22:40:34,2015-10-14 22:40:34,68,460,Wed,22,22,False,True,True,False,False,5,60
189,2015-10-15 22:12:48,2015-10-15 22:12:48,67,488,Thur,22,22,True,True,True,False,False,5,460
190,2015-10-17 00:45:53,2015-10-17 00:45:53,57,411,Sat,0,0,True,True,False,False,False,4,488
191,2015-10-18 21:52:46,2015-10-18 21:52:46,67,507,Sun,21,21,True,False,False,False,False,5,411
192,2015-10-20 21:38:02,2015-10-20 21:38:02,88,522,Tue,21,21,True,True,False,False,False,5,507
193,2015-10-21 22:41:23,2015-10-21 22:41:23,77,459,Wed,22,22,True,True,False,False,False,5,522
194,2015-10-22 21:46:35,2015-10-22 21:46:35,80,464,Thur,21,21,True,True,True,False,False,5,459
195,2015-10-24 00:32:20,2015-10-24 00:32:20,77,460,Sat,0,0,True,True,True,False,False,5,464
196,2015-10-24 22:38:13,2015-10-24 22:38:13,81,475,Sat,22,22,True,True,False,False,False,5,460
197,2015-10-26 23:09:15,2015-10-26 23:09:15,77,415,Mon,23,23,True,True,False,False,False,4,475
198,2015-10-27 21:34:17,2015-10-27 21:34:17,78,481,Tue,21,21,True,False,True,False,False,5,415
199,2015-10-28 22:28:47,2015-10-28 22:28:47,83,471,Wed,22,22,False,True,True,False,False,5,481
200,2015-10-29 22:30:45,2015-10-29 22:30:45,81,460,Thur,22,22,False,True,True,False,False,5,471
201,2015-10-31 01:01:48,2015-10-31 01:01:48,50,408,Sat,1,1,True,True,False,False,False,4,460
202,2015-11-02 22:00:53,2015-11-02 22:00:53,83,489,Mon,22,22,True,True,True,False,False,5,408
203,2015-11-03 22:46:00,2015-11-03 22:46:00,75,443,Tue,22,22,True,True,True,False,False,4,489
204,2015-11-04 22:49:17,2015-11-04 22:49:17,65,431,Wed,22,22,True,True,True,False,False,4,443
205,2015-11-05 21:36:52,2015-11-05 21:36:52,77,472,Thur,21,21,True,True,True,False,False,5,431
206,2015-11-07 00:19:42,2015-11-07 00:19:42,93,474,Sat,0,0,True,True,True,False,False,5,472
207,2015-11-08 23:28:38,2015-11-08 23:28:38,69,412,Sun,23,23,True,True,False,False,False,4,474
208,2015-11-09 21:59:54,2015-11-09 21:59:54,88,461,Mon,21,21,True,True,True,False,False,5,412
209,2015-11-10 22:56:22,2015-11-10 22:56:22,83,452,Tue,22,22,True,True,True,False,False,5,461
210,2015-11-11 22:57:35,2015-11-11 22:57:35,72,443,Wed,22,22,True,True,False,False,False,4,452
211,2015-11-13 22:59:58,2015-11-13 22:59:58,96,526,Fri,22,22,True,True,False,False,False,5,443
212,2015-11-15 22:17:12,2015-11-15 22:17:12,72,493,Sun,22,22,True,True,False,False,False,5,526
213,2015-11-18 22:07:28,2015-11-18 22:07:28,80,443,Wed,22,22,True,True,True,False,True,4,493
214,2015-11-19 23:10:23,2015-11-19 23:10:23,73,410,Thur,23,23,True,True,True,False,False,4,443
215,2015-11-22 21:57:39,2015-11-22 21:57:39,83,453,Sun,21,21,False,True,False,False,False,5,410
216,2015-11-23 22:15:24,2015-11-23 22:15:24,74,404,Mon,22,22,True,True,True,False,False,4,453
217,2015-11-24 22:33:40,2015-11-24 22:33:40,87,477,Tue,22,22,True,True,True,False,False,5,404
218,2015-11-25 23:26:02,2015-11-25 23:26:02,69,414,Wed,23,23,True,True,True,False,False,4,477
219,2015-11-26 22:25:29,2015-11-26 22:25:29,81,475,Thur,22,22,True,True,True,False,False,5,414
220,2015-11-28 01:20:50,2015-11-28 01:20:50,58,385,Sat,1,1,True,True,True,False,False,4,475
221,2015-11-29 22:20:20,2015-11-29 22:20:20,68,479,Sun,22,22,False,True,False,False,False,5,385
222,2015-11-30 21:23:47,2015-11-30 21:23:47,64,535,Mon,21,21,True,True,True,False,False,5,479
223,2015-12-01 23:03:32,2015-12-01 23:03:32,84,437,Tue,23,23,True,True,True,False,False,4,535
224,2015-12-02 22:19:31,2015-12-02 22:19:31,75,411,Wed,22,22,True,True,False,False,False,4,437
225,2015-12-03 22:51:20,2015-12-03 22:51:20,70,369,Thur,22,22,True,True,False,False,True,4,411
226,2015-12-06 22:10:17,2015-12-06 22:10:17,86,440,Sun,22,22,True,True,False,False,False,4,369
227,2015-12-07 21:20:30,2015-12-07 21:20:30,86,460,Mon,21,21,False,True,True,True,False,5,440
228,2015-12-08 22:17:33,2015-12-08 22:17:33,79,448,Tue,22,22,True,True,True,True,False,4,460
229,2015-12-09 21:57:33,2015-12-09 21:57:33,93,493,Wed,21,21,False,True,True,True,False,5,448
230,2015-12-13 00:08:26,2015-12-13 00:08:26,77,494,Sun,0,0,True,False,False,False,False,5,493
231,2015-12-13 22:07:01,2015-12-13 22:07:01,80,482,Sun,22,22,True,False,False,False,False,5,494
232,2015-12-15 22:32:48,2015-12-15 22:32:48,75,457,Tue,22,22,True,True,True,False,False,5,482
233,2015-12-16 22:20:47,2015-12-16 22:20:47,84,440,Wed,22,22,True,True,False,True,False,4,457
234,2015-12-17 21:07:49,2015-12-17 21:07:49,100,517,Thur,21,21,True,True,True,False,False,5,440
235,2015-12-20 22:19:20,2015-12-20 22:19:20,72,480,Sun,22,22,True,True,True,False,False,5,517
236,2015-12-21 22:06:14,2015-12-21 22:06:14,80,443,Mon,22,22,True,False,True,False,False,4,480
237,2015-12-22 21:41:31,2015-12-22 21:41:31,82,481,Tue,21,21,True,True,True,False,False,5,443
238,2015-12-23 22:33:13,2015-12-23 22:33:13,79,447,Wed,22,22,True,True,False,False,False,4,481
239,2015-12-29 22:44:12,2015-12-29 22:44:12,76,496,Tue,22,22,True,False,False,False,False,5,447
240,2016-01-01 23:53:45,2016-01-01 23:53:45,79,513,Fri,23,23,True,True,False,False,False,5,496
241,2016-01-02 23:49:43,2016-01-02 23:49:43,85,504,Sat,23,23,True,True,False,False,False,5,513
242,2016-01-03 21:44:08,2016-01-03 21:44:08,69,471,Sun,21,21,True,False,False,False,False,5,504
243,2016-01-04 22:17:03,2016-01-04 22:17:03,74,448,Mon,22,22,True,True,False,True,False,4,471
244,2016-01-05 22:18:45,2016-01-05 22:18:45,66,481,Tue,22,22,True,False,True,False,False,5,448
245,2016-01-13 22:44:29,2016-01-13 22:44:29,72,455,Wed,22,22,True,True,False,True,True,5,481
246,2016-01-14 22:10:58,2016-01-14 22:10:58,73,437,Thur,22,22,True,True,True,False,False,4,455
247,2016-01-17 22:00:46,2016-01-17 22:00:46,76,449,Sun,22,22,True,True,True,False,False,4,437
248,2016-01-18 21:56:26,2016-01-18 21:56:26,78,458,Mon,21,21,True,True,False,False,True,5,449
249,2016-01-19 22:46:50,2016-01-19 22:46:50,75,468,Tue,22,22,True,True,True,False,False,5,458
250,2016-01-20 21:13:40,2016-01-20 21:13:40,77,555,Wed,21,21,True,True,False,False,False,6,468
251,2016-01-21 21:33:27,2016-01-21 21:33:27,79,530,Thur,21,21,True,False,False,False,False,5,555
252,2016-01-22 22:17:12,2016-01-22 22:17:12,79,597,Fri,22,22,True,False,True,False,False,6,530
253,2016-01-24 22:06:59,2016-01-24 22:06:59,85,503,Sun,22,22,True,True,True,False,False,5,597
254,2016-01-25 22:27:55,2016-01-25 22:27:55,88,490,Mon,22,22,True,False,False,False,False,5,503
255,2016-01-26 22:58:16,2016-01-26 22:58:16,83,449,Tue,22,22,True,True,True,False,False,4,490
256,2016-01-27 22:02:27,2016-01-27 22:02:27,84,440,Wed,22,22,True,True,True,False,False,4,449
257,2016-01-28 22:11:17,2016-01-28 22:11:17,76,435,Thur,22,22,True,True,True,False,False,4,440
258,2016-01-29 21:47:34,2016-01-29 21:47:34,88,499,Fri,21,21,True,True,True,False,False,5,435
259,2016-01-31 22:58:22,2016-01-31 22:58:22,78,440,Sun,22,22,True,False,False,False,False,4,499
260,2016-02-01 22:02:40,2016-02-01 22:02:40,82,445,Mon,22,22,True,True,True,False,False,4,440
261,2016-02-02 21:47:43,2016-02-02 21:47:43,72,453,Tue,21,21,True,False,True,False,False,5,445
262,2016-02-03 22:54:38,2016-02-03 22:54:38,79,446,Wed,22,22,True,False,True,False,False,4,453
263,2016-02-04 22:17:56,2016-02-04 22:17:56,74,515,Thur,22,22,True,False,True,True,False,5,446
264,2016-02-05 23:45:36,2016-02-05 23:45:36,84,470,Fri,23,23,True,False,False,False,False,5,515
265,2016-02-06 22:55:30,2016-02-06 22:55:30,91,520,Sat,22,22,False,True,False,False,False,5,470
266,2016-02-08 00:44:15,2016-02-08 00:44:15,68,421,Mon,0,0,True,True,False,False,False,4,520
267,2016-02-08 22:43:49,2016-02-08 22:43:49,77,476,Mon,22,22,True,True,True,False,False,5,421
268,2016-02-09 21:57:50,2016-02-09 21:57:50,66,453,Tue,21,21,True,False,True,False,False,5,476
269,2016-02-13 23:41:34,2016-02-13 23:41:34,38,330,Sat,23,23,True,False,False,False,False,3,453
270,2016-02-14 22:07:58,2016-02-14 22:07:58,84,465,Sun,22,22,True,False,False,True,False,5,330
271,2016-02-15 22:07:07,2016-02-15 22:07:07,76,438,Mon,22,22,True,False,True,False,False,4,465
272,2016-02-16 22:20:30,2016-02-16 22:20:30,70,432,Tue,22,22,True,False,True,False,False,4,438
273,2016-02-17 21:33:26,2016-02-17 21:33:26,90,531,Wed,21,21,True,False,True,True,False,5,432
274,2016-02-18 22:47:46,2016-02-18 22:47:46,77,459,Thur,22,22,True,True,True,False,False,5,531
275,2016-02-20 23:12:47,2016-02-20 23:12:47,69,508,Sat,23,23,True,False,False,False,False,5,459
276,2016-02-22 22:04:12,2016-02-22 22:04:12,85,499,Mon,22,22,True,False,False,False,False,5,508
277,2016-02-23 22:18:26,2016-02-23 22:18:26,94,486,Tue,22,22,True,False,True,False,False,5,499
278,2016-02-24 21:59:00,2016-02-24 21:59:00,88,464,Wed,21,21,False,True,True,False,False,5,486
279,2016-02-26 00:15:25,2016-02-26 00:15:25,68,380,Fri,0,0,False,True,True,False,False,4,464
280,2016-02-27 23:33:23,2016-02-27 23:33:23,92,497,Sat,23,23,True,False,False,False,False,5,380
281,2016-02-28 22:19:47,2016-02-28 22:19:47,64,445,Sun,22,22,False,True,False,False,False,4,497
282,2016-02-29 21:55:44,2016-02-29 21:55:44,78,506,Mon,21,21,False,True,True,False,False,5,445
283,2016-03-01 23:22:16,2016-03-01 23:22:16,70,388,Tue,23,23,False,True,True,False,False,4,506
284,2016-03-02 22:15:14,2016-03-02 22:15:14,95,486,Wed,22,22,True,True,True,False,False,5,388
285,2016-03-03 22:01:33,2016-03-03 22:01:33,90,496,Thur,22,22,False,True,True,False,False,5,486
286,2016-03-05 23:20:01,2016-03-05 23:20:01,98,491,Sat,23,23,False,True,False,False,False,5,496
287,2016-03-06 23:08:20,2016-03-06 23:08:20,70,431,Sun,23,23,True,True,False,False,False,4,491
288,2016-03-07 22:50:22,2016-03-07 22:50:22,75,452,Mon,22,22,False,True,True,False,False,5,431
289,2016-03-08 21:40:38,2016-03-08 21:40:38,91,524,Tue,21,21,False,True,True,False,False,5,452
290,2016-03-09 22:40:25,2016-03-09 22:40:25,79,429,Wed,22,22,False,True,False,False,False,4,524
291,2016-03-10 21:35:17,2016-03-10 21:35:17,92,478,Thur,21,21,False,True,True,False,False,5,429
292,2016-03-12 01:33:16,2016-03-12 01:33:16,69,377,Sat,1,1,True,False,True,False,False,4,478
293,2016-03-12 23:44:03,2016-03-12 23:44:03,83,427,Sat,23,23,False,True,False,False,False,4,377
294,2016-03-13 22:47:36,2016-03-13 22:47:36,82,413,Sun,22,22,False,True,True,False,False,4,427
295,2016-03-14 22:16:43,2016-03-14 22:16:43,79,449,Mon,22,22,False,True,True,False,False,4,413
296,2016-03-15 22:41:40,2016-03-15 22:41:40,85,463,Tue,22,22,True,True,True,False,False,5,449
297,2016-03-16 22:25:40,2016-03-16 22:25:40,90,519,Wed,22,22,True,False,True,False,False,5,463
298,2016-03-17 22:46:35,2016-03-17 22:46:35,98,502,Thur,22,22,True,True,False,False,False,5,519
299,2016-03-18 22:17:45,2016-03-18 22:17:45,87,570,Fri,22,22,True,False,False,False,False,6,502
300,2016-03-20 22:13:36,2016-03-20 22:13:36,80,553,Sun,22,22,True,False,False,False,False,6,570
301,2016-03-21 22:37:03,2016-03-21 22:37:03,80,534,Mon,22,22,True,False,False,False,False,5,553
302,2016-03-22 21:22:46,2016-03-22 21:22:46,80,536,Tue,21,21,True,True,False,False,False,5,534
303,2016-03-23 22:06:49,2016-03-23 22:06:49,65,433,Wed,22,22,True,True,True,False,False,4,536
304,2016-03-27 23:28:20,2016-03-27 23:28:20,82,481,Sun,23,23,True,False,False,False,False,5,433
305,2016-03-28 23:32:44,2016-03-28 23:32:44,75,416,Mon,23,23,True,False,True,True,False,4,481
306,2016-03-29 23:12:02,2016-03-29 23:12:02,66,433,Tue,23,23,True,False,True,False,False,4,416
307,2016-03-30 22:58:49,2016-03-30 22:58:49,58,446,Wed,22,22,True,True,True,False,False,4,433
308,2016-03-31 22:47:19,2016-03-31 22:47:19,89,462,Thur,22,22,True,True,True,False,False,5,446
309,2016-04-02 21:20:49,2016-04-02 21:20:49,86,587,Sat,21,21,True,False,False,False,False,6,462
310,2016-04-03 21:44:29,2016-04-03 21:44:29,67,519,Sun,21,21,True,False,False,False,False,5,587
311,2016-04-04 21:23:59,2016-04-04 21:23:59,62,545,Mon,21,21,True,False,False,False,False,6,519
312,2016-04-05 21:13:24,2016-04-05 21:13:24,81,551,Tue,21,21,True,False,True,False,False,6,545
313,2016-04-06 23:00:14,2016-04-06 23:00:14,73,415,Wed,23,23,True,True,True,False,False,4,551
314,2016-04-07 21:48:56,2016-04-07 21:48:56,81,480,Thur,21,21,True,True,True,False,True,5,415
315,2016-04-09 00:51:24,2016-04-09 00:51:24,53,390,Sat,0,0,True,True,True,False,False,4,480
316,2016-04-09 22:59:45,2016-04-09 22:59:45,94,540,Sat,22,22,True,True,True,False,False,6,390
317,2016-04-10 22:04:13,2016-04-10 22:04:13,67,432,Sun,22,22,False,True,False,False,False,4,540
318,2016-04-11 22:35:10,2016-04-11 22:35:10,82,439,Mon,22,22,True,True,True,True,False,4,432
319,2016-04-12 22:18:30,2016-04-12 22:18:30,85,453,Tue,22,22,True,True,True,False,False,5,439
320,2016-04-13 22:27:46,2016-04-13 22:27:46,77,465,Wed,22,22,True,True,True,False,False,5,453
321,2016-04-14 21:43:30,2016-04-14 21:43:30,94,521,Thur,21,21,True,True,True,True,False,5,465
322,2016-04-15 22:38:27,2016-04-15 22:38:27,81,527,Fri,22,22,True,True,False,False,False,5,521
323,2016-04-17 21:34:35,2016-04-17 21:34:35,75,532,Sun,21,21,True,True,False,False,False,5,527
324,2016-04-19 21:21:02,2016-04-19 21:21:02,79,539,Tue,21,21,True,True,True,False,False,5,532
325,2016-04-20 21:25:56,2016-04-20 21:25:56,81,489,Wed,21,21,True,True,True,False,True,5,539
326,2016-04-21 21:54:28,2016-04-21 21:54:28,79,460,Thur,21,21,False,False,False,False,False,5,489
327,2016-04-22 05:37:46,2016-04-22 05:37:46,9,42,Fri,5,5,False,False,False,False,False,0,460
328,2016-04-23 00:46:44,2016-04-23 00:46:44,65,427,Sat,0,0,True,True,True,False,False,4,42
329,2016-04-24 22:30:35,2016-04-24 22:30:35,81,463,Sun,22,22,False,True,False,False,False,5,427
330,2016-04-25 22:07:57,2016-04-25 22:07:57,87,451,Mon,22,22,True,True,True,False,True,5,463
331,2016-04-26 22:48:24,2016-04-26 22:48:24,74,452,Tue,22,22,True,True,True,False,False,5,451
332,2016-04-27 22:24:10,2016-04-27 22:24:10,92,481,Wed,22,22,True,True,True,False,False,5,452
333,2016-04-28 22:23:37,2016-04-28 22:23:37,95,473,Thur,22,22,True,True,True,False,False,5,481
334,2016-04-29 22:47:32,2016-04-29 22:47:32,81,429,Fri,22,22,True,True,True,False,False,4,473
335,2016-05-01 21:27:20,2016-05-01 21:27:20,95,527,Sun,21,21,True,False,True,False,False,5,429
336,2016-05-02 21:50:53,2016-05-02 21:50:53,85,509,Mon,21,21,True,False,True,False,False,5,527
337,2016-05-03 22:19:12,2016-05-03 22:19:12,79,481,Tue,22,22,True,False,True,False,False,5,509
338,2016-05-04 22:16:31,2016-05-04 22:16:31,83,493,Wed,22,22,True,True,True,False,False,5,481
339,2016-05-05 22:20:43,2016-05-05 22:20:43,89,474,Thur,22,22,True,False,False,False,True,5,493
340,2016-05-06 23:07:56,2016-05-06 23:07:56,87,480,Fri,23,23,True,True,True,True,False,5,474
341,2016-05-07 23:20:36,2016-05-07 23:20:36,93,471,Sat,23,23,True,True,False,False,False,5,480
342,2016-05-08 23:44:12,2016-05-08 23:44:12,74,396,Sun,23,23,True,True,False,False,False,4,471
343,2016-05-09 22:10:46,2016-05-09 22:10:46,83,450,Mon,22,22,True,True,True,False,False,5,396
344,2016-05-10 23:10:06,2016-05-10 23:10:06,74,380,Tue,23,23,True,True,True,False,False,4,450
345,2016-05-11 22:43:49,2016-05-11 22:43:49,80,461,Wed,22,22,True,True,True,False,False,5,380
346,2016-05-12 23:50:20,2016-05-12 23:50:20,83,419,Thur,23,23,True,True,True,False,False,4,461
347,2016-05-13 23:08:55,2016-05-13 23:08:55,100,525,Fri,23,23,True,True,True,False,False,5,419
348,2016-05-15 21:34:13,2016-05-15 21:34:13,81,513,Sun,21,21,False,True,False,False,False,5,525
349,2016-05-16 21:34:47,2016-05-16 21:34:47,85,520,Mon,21,21,True,False,True,False,False,5,513
350,2016-05-17 20:53:27,2016-05-17 20:53:27,83,556,Tue,20,20,True,False,True,False,False,6,520
351,2016-05-18 22:26:07,2016-05-18 22:26:07,79,434,Wed,22,22,True,False,False,True,False,4,556
352,2016-05-20 00:00:10,2016-05-20 00:00:10,76,390,Fri,0,0,True,False,True,False,False,4,434
353,2016-05-20 23:14:26,2016-05-20 23:14:26,91,499,Fri,23,23,True,False,True,False,False,5,390
354,2016-05-23 22:34:58,2016-05-23 22:34:58,75,415,Mon,22,22,True,False,False,False,False,4,499
355,2016-05-24 22:00:00,2016-05-24 22:00:00,90,455,Tue,22,22,True,False,True,False,False,5,415
356,2016-05-25 22:21:34,2016-05-25 22:21:34,88,489,Wed,22,22,True,False,True,False,False,5,455
357,2016-05-26 22:08:30,2016-05-26 22:08:30,89,491,Thur,22,22,True,False,True,False,False,5,489
358,2016-05-28 00:19:46,2016-05-28 00:19:46,72,416,Sat,0,0,True,False,True,False,False,4,491
359,2016-05-29 22:04:35,2016-05-29 22:04:35,100,516,Sun,22,22,True,False,False,False,False,5,416
360,2016-05-30 22:07:42,2016-05-30 22:07:42,72,480,Mon,22,22,True,False,False,True,False,5,516
361,2016-05-31 23:02:52,2016-05-31 23:02:52,70,448,Tue,23,23,True,False,True,False,False,4,480
362,2016-06-01 23:01:17,2016-06-01 23:01:17,67,406,Wed,23,23,True,False,True,False,False,4,448
363,2016-06-02 22:51:43,2016-06-02 22:51:43,65,399,Thur,22,22,True,False,True,False,False,4,406
364,2016-06-05 22:33:14,2016-06-05 22:33:14,71,438,Sun,22,22,False,False,True,False,False,4,399
365,2016-06-06 23:26:26,2016-06-06 23:26:26,70,365,Mon,23,23,True,False,True,False,False,4,438
366,2016-06-07 22:32:35,2016-06-07 22:32:35,77,419,Tue,22,22,True,False,True,False,False,4,365
367,2016-06-08 21:56:14,2016-06-08 21:56:14,76,500,Wed,21,21,True,False,True,False,False,5,419
368,2016-06-09 22:07:31,2016-06-09 22:07:31,87,507,Thur,22,22,True,False,True,False,True,5,500
369,2016-06-11 22:42:30,2016-06-11 22:42:30,93,598,Sat,22,22,False,True,False,False,False,6,507
370,2016-06-12 22:52:30,2016-06-12 22:52:30,77,459,Sun,22,22,False,True,False,False,False,5,598
371,2016-06-13 22:03:24,2016-06-13 22:03:24,82,502,Mon,22,22,False,True,True,False,False,5,459
372,2016-06-14 22:32:22,2016-06-14 22:32:22,68,478,Tue,22,22,True,True,False,False,False,5,502
373,2016-06-16 00:46:59,2016-06-16 00:46:59,64,338,Thur,0,0,True,True,True,False,False,3,478
374,2016-06-16 22:06:06,2016-06-16 22:06:06,83,474,Thur,22,22,True,True,True,False,False,5,338
375,2016-06-17 23:28:36,2016-06-17 23:28:36,79,474,Fri,23,23,True,True,True,False,False,5,474
376,2016-06-19 23:00:43,2016-06-19 23:00:43,74,419,Sun,23,23,True,False,False,False,False,4,474
377,2016-06-20 22:34:58,2016-06-20 22:34:58,83,435,Mon,22,22,True,False,True,False,False,4,419
378,2016-06-21 22:11:24,2016-06-21 22:11:24,83,449,Tue,22,22,True,False,True,False,False,4,435
379,2016-06-22 22:41:04,2016-06-22 22:41:04,82,461,Wed,22,22,True,False,True,False,False,5,449
380,2016-06-23 22:32:02,2016-06-23 22:32:02,86,480,Thur,22,22,True,False,True,False,False,5,461
381,2016-06-26 22:16:19,2016-06-26 22:16:19,64,494,Sun,22,22,True,False,False,False,False,5,480
382,2016-06-27 23:48:29,2016-06-27 23:48:29,62,418,Mon,23,23,True,False,True,True,False,4,494
383,2016-06-28 23:10:25,2016-06-28 23:10:25,77,445,Tue,23,23,True,False,True,False,False,4,418
384,2016-06-29 22:32:29,2016-06-29 22:32:29,83,443,Wed,22,22,True,False,True,True,False,4,445
385,2016-07-01 23:32:46,2016-07-01 23:32:46,90,480,Fri,23,23,True,False,False,False,False,5,443
386,2016-07-03 21:49:41,2016-07-03 21:49:41,86,492,Sun,21,21,False,False,False,False,False,5,480
387,2016-07-04 21:39:08,2016-07-04 21:39:08,85,491,Mon,21,21,True,False,True,False,False,5,492
388,2016-07-05 22:48:36,2016-07-05 22:48:36,75,436,Tue,22,22,True,False,True,True,False,4,491
389,2016-07-06 22:13:30,2016-07-06 22:13:30,92,482,Wed,22,22,True,False,True,False,False,5,436
390,2016-07-07 22:53:15,2016-07-07 22:53:15,96,492,Thur,22,22,True,False,True,False,False,5,482
391,2016-07-10 22:18:13,2016-07-10 22:18:13,85,479,Sun,22,22,True,False,False,False,False,5,492
392,2016-07-11 21:24:42,2016-07-11 21:24:42,99,530,Mon,21,21,True,False,True,False,False,5,479
393,2016-07-12 22:02:38,2016-07-12 22:02:38,96,493,Tue,22,22,True,False,True,False,False,5,530
394,2016-07-13 23:13:10,2016-07-13 23:13:10,78,422,Wed,23,23,True,False,True,False,False,4,493
395,2016-07-14 22:39:55,2016-07-14 22:39:55,84,455,Thur,22,22,True,False,True,True,False,5,422
396,2016-07-16 00:32:25,2016-07-16 00:32:25,87,467,Sat,0,0,True,False,True,False,False,5,455
397,2016-07-16 23:20:56,2016-07-16 23:20:56,98,490,Sat,23,23,True,False,True,False,False,5,467
398,2016-07-17 22:23:36,2016-07-17 22:23:36,76,457,Sun,22,22,True,False,True,False,False,5,490
399,2016-07-18 22:57:22,2016-07-18 22:57:22,77,428,Mon,22,22,True,False,True,True,False,4,457
400,2016-07-19 22:36:11,2016-07-19 22:36:11,77,434,Tue,22,22,True,False,True,False,False,4,428
401,2016-07-20 22:25:37,2016-07-20 22:25:37,82,450,Wed,22,22,True,False,True,False,False,5,434
402,2016-07-21 23:07:32,2016-07-21 23:07:32,87,472,Thur,23,23,True,False,True,False,False,5,450
403,2016-07-22 22:20:48,2016-07-22 22:20:48,99,575,Fri,22,22,True,False,False,False,False,6,472
404,2016-07-23 23:47:33,2016-07-23 23:47:33,74,489,Sat,23,23,True,False,False,False,False,5,575
405,2016-07-24 22:45:58,2016-07-24 22:45:58,81,448,Sun,22,22,True,False,True,False,False,4,489
406,2016-07-25 21:54:39,2016-07-25 21:54:39,86,487,Mon,21,21,True,False,True,False,False,5,448
407,2016-07-26 23:03:39,2016-07-26 23:03:39,84,427,Tue,23,23,True,False,True,False,False,4,487
408,2016-07-27 22:49:44,2016-07-27 22:49:44,95,501,Wed,22,22,True,False,True,True,False,5,427
409,2016-07-28 22:25:20,2016-07-28 22:25:20,35,310,Thur,22,22,True,False,False,False,False,3,501
410,2016-08-16 22:05:56,2016-08-16 22:05:56,96,464,Tue,22,22,True,True,False,True,False,5,310
411,2016-08-17 22:42:29,2016-08-17 22:42:29,78,453,Wed,22,22,True,False,True,False,True,5,464
412,2016-08-18 21:58:44,2016-08-18 21:58:44,36,504,Thur,21,21,True,False,True,False,False,5,453
413,2016-08-20 22:04:29,2016-08-20 22:04:29,56,628,Sat,22,22,True,False,False,False,False,6,504
414,2016-08-21 22:08:40,2016-08-21 22:08:40,52,491,Sun,22,22,True,True,False,False,False,5,628
415,2016-08-22 22:13:35,2016-08-22 22:13:35,35,489,Mon,22,22,True,False,True,False,False,5,491
416,2016-08-23 23:08:06,2016-08-23 23:08:06,51,450,Tue,23,23,True,False,True,False,False,5,489
417,2016-08-24 21:51:35,2016-08-24 21:51:35,54,499,Wed,21,21,True,False,True,False,False,5,450
418,2016-08-25 22:06:03,2016-08-25 22:06:03,55,493,Thur,22,22,True,False,True,False,False,5,499
419,2016-08-26 23:49:26,2016-08-26 23:49:26,46,457,Fri,23,23,True,False,True,False,False,5,493
420,2016-08-27 23:52:04,2016-08-27 23:52:04,48,513,Sat,23,23,True,False,False,False,False,5,457
421,2016-08-28 22:52:01,2016-08-28 22:52:01,36,468,Sun,22,22,True,False,False,False,False,5,513
422,2016-08-29 22:10:33,2016-08-29 22:10:33,40,489,Mon,22,22,True,False,True,False,False,5,468
423,2016-08-30 22:21:42,2016-08-30 22:21:42,49,479,Tue,22,22,True,False,True,False,False,5,489
424,2016-08-31 22:33:07,2016-08-31 22:33:07,49,467,Wed,22,22,True,False,True,False,False,5,479
425,2016-09-01 23:08:05,2016-09-01 23:08:05,54,410,Thur,23,23,True,False,True,False,False,4,467
426,2016-09-02 22:38:01,2016-09-02 22:38:01,67,549,Fri,22,22,True,False,False,False,False,6,410
427,2016-09-04 23:28:38,2016-09-04 23:28:38,61,512,Sun,23,23,True,False,False,False,False,5,549
428,2016-09-05 21:00:08,2016-09-05 21:00:08,41,560,Mon,21,21,False,True,True,False,False,6,512
429,2016-09-06 22:11:10,2016-09-06 22:11:10,70,490,Tue,22,22,False,True,True,False,False,5,560
430,2016-09-07 22:31:00,2016-09-07 22:31:00,69,470,Wed,22,22,False,True,True,False,False,5,490
431,2016-09-08 22:28:57,2016-09-08 22:28:57,61,461,Thur,22,22,False,True,True,False,False,5,470
432,2016-09-10 00:45:06,2016-09-10 00:45:06,58,381,Sat,0,0,True,False,True,False,False,4,461
433,2016-09-10 22:44:13,2016-09-10 22:44:13,33,437,Sat,22,22,False,True,False,False,False,4,381
434,2016-09-11 23:05:56,2016-09-11 23:05:56,60,434,Sun,23,23,True,False,False,False,False,4,437
435,2016-09-12 22:46:00,2016-09-12 22:46:00,67,454,Mon,22,22,False,True,True,False,False,5,434
436,2016-09-13 21:55:44,2016-09-13 21:55:44,59,492,Tue,21,21,False,True,True,False,False,5,454
437,2016-09-14 22:26:52,2016-09-14 22:26:52,65,473,Wed,22,22,False,True,True,False,False,5,492
438,2016-09-17 22:26:00,2016-09-17 22:26:00,70,596,Sat,22,22,True,False,False,False,False,6,473
439,2016-09-18 22:28:43,2016-09-18 22:28:43,57,475,Sun,22,22,True,False,True,False,False,5,596
440,2016-09-19 22:14:12,2016-09-19 22:14:12,60,487,Mon,22,22,False,True,True,False,False,5,475
441,2016-09-20 22:39:22,2016-09-20 22:39:22,57,456,Tue,22,22,False,True,True,False,False,5,487
442,2016-09-21 22:11:55,2016-09-21 22:11:55,60,479,Wed,22,22,False,True,False,False,False,5,456
443,2016-09-22 22:26:20,2016-09-22 22:26:20,70,509,Thur,22,22,False,True,True,False,False,5,479
444,2016-09-25 22:53:08,2016-09-25 22:53:08,58,451,Sun,22,22,True,True,True,False,False,5,509
445,2016-09-26 22:17:19,2016-09-26 22:17:19,55,483,Mon,22,22,False,True,True,True,False,5,451
446,2016-09-27 22:22:09,2016-09-27 22:22:09,55,464,Tue,22,22,False,True,True,False,False,5,483
447,2016-09-28 23:10:52,2016-09-28 23:10:52,60,429,Wed,23,23,True,True,True,False,False,4,464
448,2016-09-29 22:50:50,2016-09-29 22:50:50,53,449,Thur,22,22,True,False,True,False,False,4,429
449,2016-10-01 00:06:21,2016-10-01 00:06:21,67,500,Sat,0,0,True,True,True,False,False,5,449
450,2016-10-01 23:23:45,2016-10-01 23:23:45,55,506,Sat,23,23,True,False,False,False,False,5,500
451,2016-10-02 23:29:07,2016-10-02 23:29:07,54,416,Sun,23,23,True,True,False,False,False,4,506
452,2016-10-03 22:24:38,2016-10-03 22:24:38,62,458,Mon,22,22,True,True,True,False,False,5,416
453,2016-10-04 21:53:10,2016-10-04 21:53:10,66,508,Tue,21,21,False,True,True,False,False,5,458
454,2016-10-05 22:33:02,2016-10-05 22:33:02,54,468,Wed,22,22,False,True,True,False,False,5,508
455,2016-10-07 00:07:25,2016-10-07 00:07:25,52,393,Fri,0,0,False,True,True,False,False,4,468
456,2016-10-07 23:18:12,2016-10-07 23:18:12,71,482,Fri,23,23,True,True,True,False,False,5,393
457,2016-10-10 22:38:44,2016-10-10 22:38:44,59,469,Mon,22,22,True,True,True,False,False,5,482
458,2016-10-11 22:28:30,2016-10-11 22:28:30,56,465,Tue,22,22,False,True,True,False,False,5,469
459,2016-10-12 22:48:24,2016-10-12 22:48:24,65,436,Wed,22,22,True,False,True,False,False,4,465
460,2016-10-13 22:26:35,2016-10-13 22:26:35,61,484,Thur,22,22,True,False,True,False,False,5,436
461,2016-10-15 23:00:24,2016-10-15 23:00:24,71,510,Sat,23,23,True,False,False,False,False,5,484
462,2016-10-16 22:52:39,2016-10-16 22:52:39,50,447,Sun,22,22,True,True,False,False,False,4,510
463,2016-10-17 22:53:05,2016-10-17 22:53:05,63,454,Mon,22,22,True,True,True,False,False,5,447
464,2016-10-18 22:34:56,2016-10-18 22:34:56,67,455,Tue,22,22,True,False,True,True,False,5,454
465,2016-10-19 22:13:21,2016-10-19 22:13:21,64,455,Wed,22,22,True,False,True,False,False,5,455
466,2016-10-20 22:14:18,2016-10-20 22:14:18,67,499,Thur,22,22,True,True,True,False,False,5,455
467,2016-10-22 01:38:50,2016-10-22 01:38:50,54,339,Sat,1,1,True,True,False,False,False,3,499
468,2016-10-23 00:07:46,2016-10-23 00:07:46,81,520,Sun,0,0,True,False,False,False,False,5,339
469,2016-10-23 22:21:35,2016-10-23 22:21:35,66,481,Sun,22,22,True,True,False,False,False,5,520
470,2016-10-24 23:04:24,2016-10-24 23:04:24,65,441,Mon,23,23,True,True,True,False,False,4,481
471,2016-10-25 22:48:36,2016-10-25 22:48:36,69,466,Tue,22,22,False,True,True,False,False,5,441
472,2016-10-26 22:55:13,2016-10-26 22:55:13,72,450,Wed,22,22,True,True,True,False,False,5,466
473,2016-10-27 23:03:27,2016-10-27 23:03:27,63,452,Thur,23,23,True,True,True,False,False,5,450
474,2016-10-29 00:16:28,2016-10-29 00:16:28,66,454,Sat,0,0,True,True,False,False,False,5,452
475,2016-10-30 22:46:10,2016-10-30 22:46:10,68,443,Sun,22,22,True,False,True,False,False,4,454
476,2016-11-01 22:19:52,2016-11-01 22:19:52,68,457,Tue,22,22,False,True,True,True,False,5,443
477,2016-11-02 22:52:01,2016-11-02 22:52:01,72,458,Wed,22,22,True,True,False,True,False,5,457
478,2016-11-04 00:13:27,2016-11-04 00:13:27,52,361,Fri,0,0,True,True,False,True,False,4,458
479,2016-11-04 22:49:41,2016-11-04 22:49:41,80,548,Fri,22,22,True,False,False,True,False,6,361
480,2016-11-06 21:58:25,2016-11-06 21:58:25,65,469,Sun,21,21,True,False,False,False,False,5,548
481,2016-11-07 22:16:20,2016-11-07 22:16:20,70,455,Mon,22,22,False,True,True,False,False,5,469
482,2016-11-08 22:51:28,2016-11-08 22:51:28,62,416,Tue,22,22,True,True,True,False,False,4,455
483,2016-11-09 22:37:37,2016-11-09 22:37:37,65,437,Wed,22,22,True,True,True,False,False,4,416
484,2016-11-10 23:58:36,2016-11-10 23:58:36,56,440,Thur,23,23,True,True,True,False,False,4,437
485,2016-11-11 23:25:33,2016-11-11 23:25:33,74,471,Fri,23,23,True,True,False,False,False,5,440
486,2016-11-15 22:14:54,2016-11-15 22:14:54,72,560,Tue,22,22,False,True,False,False,False,6,471
487,2016-11-16 23:10:58,2016-11-16 23:10:58,70,476,Wed,23,23,True,False,False,False,False,5,560
488,2016-11-17 23:15:24,2016-11-17 23:15:24,73,464,Thur,23,23,False,True,False,False,False,5,476
489,2016-11-18 23:37:14,2016-11-18 23:37:14,70,456,Fri,23,23,True,True,False,False,False,5,464
490,2016-11-19 23:47:47,2016-11-19 23:47:47,81,485,Sat,23,23,False,True,False,False,False,5,456
491,2016-11-20 23:00:56,2016-11-20 23:00:56,80,481,Sun,23,23,True,True,False,False,False,5,485
492,2016-11-21 22:38:54,2016-11-21 22:38:54,68,421,Mon,22,22,True,True,False,False,False,4,481
493,2016-11-22 21:26:49,2016-11-22 21:26:49,80,493,Tue,21,21,False,True,True,False,False,5,421
494,2016-11-23 22:44:23,2016-11-23 22:44:23,73,445,Wed,22,22,True,True,True,False,False,4,493
495,2016-11-24 22:00:35,2016-11-24 22:00:35,88,519,Thur,22,22,False,True,True,False,False,5,445
496,2016-11-25 23:09:40,2016-11-25 23:09:40,89,510,Fri,23,23,True,True,False,False,False,5,519
497,2016-11-27 22:01:16,2016-11-27 22:01:16,75,496,Sun,22,22,False,True,False,False,False,5,510
498,2016-11-28 22:35:53,2016-11-28 22:35:53,83,470,Mon,22,22,False,True,True,False,False,5,496
499,2016-11-29 23:33:57,2016-11-29 23:33:57,71,417,Tue,23,23,False,True,False,False,False,4,470
500,2016-11-30 21:12:34,2016-11-30 21:12:34,89,481,Wed,21,21,True,True,False,False,False,5,417
501,2016-12-01 05:14:26,2016-12-01 05:14:26,17,84,Thur,5,5,False,False,False,False,False,0,481
502,2016-12-01 21:40:00,2016-12-01 21:40:00,71,451,Thur,21,21,False,True,False,False,False,5,84
503,2016-12-04 01:18:30,2016-12-04 01:18:30,89,482,Sun,1,1,True,True,False,False,False,5,451
504,2016-12-04 21:45:14,2016-12-04 21:45:14,78,480,Sun,21,21,False,True,False,False,False,5,482
505,2016-12-05 21:44:42,2016-12-05 21:44:42,79,475,Mon,21,21,False,True,True,False,False,5,480
506,2016-12-06 22:13:52,2016-12-06 22:13:52,72,452,Tue,22,22,False,True,True,False,False,5,475
507,2016-12-07 22:46:53,2016-12-07 22:46:53,82,452,Wed,22,22,True,True,True,False,False,5,452
508,2016-12-08 23:32:15,2016-12-08 23:32:15,69,435,Thur,23,23,True,True,True,False,False,4,452
509,2016-12-09 22:48:02,2016-12-09 22:48:02,79,563,Fri,22,22,False,True,False,False,False,6,435
510,2016-12-11 01:07:36,2016-12-11 01:07:36,82,439,Sun,1,1,True,False,True,False,False,4,563
511,2016-12-11 22:14:46,2016-12-11 22:14:46,85,481,Sun,22,22,False,True,False,False,False,5,439
512,2016-12-12 22:56:32,2016-12-12 22:56:32,81,458,Mon,22,22,True,True,False,False,False,5,481
513,2016-12-13 22:02:53,2016-12-13 22:02:53,83,482,Tue,22,22,True,True,True,False,False,5,458
514,2016-12-14 21:57:40,2016-12-14 21:57:40,74,500,Wed,21,21,False,True,False,False,False,5,482
515,2016-12-15 21:29:37,2016-12-15 21:29:37,75,451,Thur,21,21,False,True,False,False,False,5,500
516,2016-12-18 22:35:39,2016-12-18 22:35:39,78,431,Sun,22,22,True,True,False,False,False,4,451
517,2016-12-19 21:49:28,2016-12-19 21:49:28,96,526,Mon,21,21,False,True,False,False,False,5,431
518,2016-12-20 23:48:48,2016-12-20 23:48:48,84,440,Tue,23,23,False,True,False,False,False,4,526
519,2016-12-21 23:56:08,2016-12-21 23:56:08,86,453,Wed,23,23,True,True,False,False,False,5,440
520,2016-12-22 23:07:02,2016-12-22 23:07:02,74,480,Thur,23,23,True,True,False,True,False,5,453
521,2016-12-27 23:17:04,2016-12-27 23:17:04,69,485,Tue,23,23,True,True,False,False,False,5,480
522,2016-12-30 23:25:36,2016-12-30 23:25:36,92,540,Fri,23,23,True,True,False,False,False,6,485
523,2017-01-02 22:35:54,2017-01-02 22:35:54,73,394,Mon,22,22,True,True,False,False,False,4,540
524,2017-01-03 05:11:12,2017-01-03 05:11:12,17,79,Tue,5,5,False,False,False,False,False,0,394
525,2017-01-03 21:47:36,2017-01-03 21:47:36,87,489,Tue,21,21,False,True,False,False,False,5,79
526,2017-01-04 22:40:41,2017-01-04 22:40:41,87,449,Wed,22,22,True,True,True,False,False,4,489
527,2017-01-05 22:39:33,2017-01-05 22:39:33,93,482,Thur,22,22,False,True,True,False,False,5,449
528,2017-01-06 23:14:42,2017-01-06 23:14:42,90,569,Fri,23,23,True,True,False,False,False,6,482
529,2017-01-08 00:34:09,2017-01-08 00:34:09,79,442,Sun,0,0,False,True,False,False,False,4,569
530,2017-01-08 22:07:26,2017-01-08 22:07:26,84,496,Sun,22,22,False,True,False,False,False,5,442
531,2017-01-09 22:42:26,2017-01-09 22:42:26,65,477,Mon,22,22,True,True,False,False,False,5,496
532,2017-01-10 22:20:00,2017-01-10 22:20:00,84,474,Tue,22,22,True,True,False,False,False,5,477
533,2017-01-11 22:14:13,2017-01-11 22:14:13,73,427,Wed,22,22,True,True,False,False,False,4,474
534,2017-01-12 22:13:43,2017-01-12 22:13:43,64,437,Thur,22,22,True,True,False,False,True,4,427
535,2017-01-13 23:27:43,2017-01-13 23:27:43,89,474,Fri,23,23,False,True,True,False,False,5,437
536,2017-01-15 23:25:52,2017-01-15 23:25:52,74,452,Sun,23,23,True,True,True,False,False,5,474
537,2017-01-16 21:58:38,2017-01-16 21:58:38,71,432,Mon,21,21,False,True,False,False,False,4,452
538,2017-01-17 05:12:01,2017-01-17 05:12:01,24,128,Tue,5,5,False,False,False,False,False,1,432
539,2017-01-17 22:23:54,2017-01-17 22:23:54,57,397,Tue,22,22,False,True,False,False,False,4,128
540,2017-01-18 22:22:23,2017-01-18 22:22:23,76,489,Wed,22,22,False,True,False,False,False,5,397
541,2017-01-19 22:14:59,2017-01-19 22:14:59,92,495,Thur,22,22,True,True,False,False,False,5,489
542,2017-01-20 23:07:08,2017-01-20 23:07:08,78,518,Fri,23,23,False,True,False,False,False,5,495
543,2017-01-21 23:12:38,2017-01-21 23:12:38,96,509,Sat,23,23,False,True,False,False,False,5,518
544,2017-01-22 22:03:13,2017-01-22 22:03:13,64,502,Sun,22,22,False,True,False,False,False,5,509
545,2017-01-23 22:34:02,2017-01-23 22:34:02,89,455,Mon,22,22,True,True,False,False,False,5,502
546,2017-01-24 22:55:44,2017-01-24 22:55:44,84,437,Tue,22,22,True,True,False,False,False,4,455
547,2017-01-25 20:54:01,2017-01-25 20:54:01,85,495,Wed,20,20,False,True,True,False,False,5,437
548,2017-01-26 22:12:44,2017-01-26 22:12:44,54,405,Thur,22,22,True,True,True,False,False,4,495
549,2017-01-27 04:58:17,2017-01-27 04:58:17,21,102,Fri,4,4,False,False,False,False,False,1,405
550,2017-01-27 23:22:46,2017-01-27 23:22:46,91,482,Fri,23,23,True,True,False,False,False,5,102
551,2017-01-30 23:27:29,2017-01-30 23:27:29,63,394,Mon,23,23,True,False,False,False,False,4,482
552,2017-01-31 22:44:33,2017-01-31 22:44:33,78,456,Tue,22,22,True,True,True,False,False,5,394
553,2017-02-01 22:41:03,2017-02-01 22:41:03,74,449,Wed,22,22,True,True,True,False,False,4,456
554,2017-02-02 22:19:54,2017-02-02 22:19:54,85,491,Thur,22,22,True,True,False,False,False,5,449
555,2017-02-03 23:58:49,2017-02-03 23:58:49,80,429,Fri,23,23,True,True,False,False,False,4,491
556,2017-02-04 23:45:02,2017-02-04 23:45:02,68,455,Sat,23,23,True,True,False,False,False,5,429
557,2017-02-05 22:53:55,2017-02-05 22:53:55,75,456,Sun,22,22,True,True,False,False,False,5,455
558,2017-02-06 22:30:15,2017-02-06 22:30:15,71,470,Mon,22,22,True,True,True,False,True,5,456
559,2017-02-07 23:34:51,2017-02-07 23:34:51,71,415,Tue,23,23,True,True,False,False,False,4,470
560,2017-02-08 23:46:48,2017-02-08 23:46:48,68,400,Wed,23,23,True,True,False,False,False,4,415
561,2017-02-09 22:31:43,2017-02-09 22:31:43,62,388,Thur,22,22,True,True,True,True,False,4,400
562,2017-02-10 05:00:41,2017-02-10 05:00:41,21,96,Fri,5,5,False,False,False,False,False,1,388
563,2017-02-10 22:37:33,2017-02-10 22:37:33,100,510,Fri,22,22,False,True,False,False,False,5,96
564,2017-02-12 21:49:33,2017-02-12 21:49:33,63,556,Sun,21,21,True,True,False,False,False,6,510
565,2017-02-13 21:51:58,2017-02-13 21:51:58,74,430,Mon,21,21,True,True,False,False,False,4,556
566,2017-02-14 05:02:55,2017-02-14 05:02:55,12,93,Tue,5,5,False,False,False,False,False,1,430
567,2017-02-14 23:17:25,2017-02-14 23:17:25,59,415,Tue,23,23,True,True,False,False,False,4,93
568,2017-02-15 22:36:26,2017-02-15 22:36:26,44,468,Wed,22,22,True,True,False,False,False,5,415
569,2017-02-16 22:33:17,2017-02-16 22:33:17,83,478,Thur,22,22,True,True,False,False,False,5,468
570,2017-02-17 23:49:14,2017-02-17 23:49:14,93,500,Fri,23,23,True,True,False,False,False,5,478
571,2017-02-19 00:28:17,2017-02-19 00:28:17,79,468,Sun,0,0,False,True,False,False,False,5,500
572,2017-02-19 22:12:40,2017-02-19 22:12:40,66,484,Sun,22,22,True,True,False,False,False,5,468
573,2017-02-20 22:43:58,2017-02-20 22:43:58,76,463,Mon,22,22,False,True,False,False,False,5,484
574,2017-02-21 23:14:34,2017-02-21 23:14:34,72,431,Tue,23,23,True,True,False,False,False,4,463
575,2017-02-22 21:30:46,2017-02-22 21:30:46,83,451,Wed,21,21,False,True,False,False,False,5,431
576,2017-02-23 22:15:13,2017-02-23 22:15:13,81,439,Thur,22,22,True,True,False,False,False,4,451
577,2017-02-24 05:34:46,2017-02-24 05:34:46,12,55,Fri,5,5,False,False,False,False,False,0,439
578,2017-02-25 02:46:24,2017-02-25 02:46:24,80,426,Sat,2,2,True,True,True,False,True,4,55
579,2017-02-26 00:40:06,2017-02-26 00:40:06,77,427,Sun,0,0,False,True,False,False,False,4,426
580,2017-02-27 22:16:11,2017-02-27 22:16:11,81,454,Mon,22,22,True,False,False,False,False,5,427
581,2017-02-28 21:39:30,2017-02-28 21:39:30,87,481,Tue,21,21,True,True,True,False,False,5,454
582,2017-03-01 05:43:20,2017-03-01 05:43:20,12,57,Wed,5,5,False,False,False,False,False,0,481
583,2017-03-01 22:23:16,2017-03-01 22:23:16,85,487,Wed,22,22,True,True,False,False,False,5,57
584,2017-03-02 22:22:27,2017-03-02 22:22:27,81,475,Thur,22,22,True,True,True,False,False,5,487
585,2017-03-05 00:12:24,2017-03-05 00:12:24,96,496,Sun,0,0,True,True,False,False,False,5,475
586,2017-03-05 22:01:00,2017-03-05 22:01:00,93,487,Sun,22,22,True,True,False,False,False,5,496
587,2017-03-06 22:01:27,2017-03-06 22:01:27,97,501,Mon,22,22,True,True,False,False,False,5,487
588,2017-03-07 22:13:31,2017-03-07 22:13:31,90,481,Tue,22,22,True,True,True,False,False,5,501
589,2017-03-08 21:13:09,2017-03-08 21:13:09,85,545,Wed,21,21,True,True,False,False,False,6,481
590,2017-03-09 21:48:29,2017-03-09 21:48:29,71,433,Thur,21,21,True,True,True,False,False,4,545
591,2017-03-10 22:42:49,2017-03-10 22:42:49,86,494,Fri,22,22,True,True,False,False,False,5,433
592,2017-03-12 22:39:47,2017-03-12 22:39:47,80,473,Sun,22,22,True,True,False,False,False,5,494
593,2017-03-13 21:20:30,2017-03-13 21:20:30,81,462,Mon,21,21,False,True,True,False,False,5,473
594,2017-03-14 21:06:21,2017-03-14 21:06:21,89,497,Tue,21,21,False,True,True,False,False,5,462
595,2017-03-15 22:33:27,2017-03-15 22:33:27,71,464,Wed,22,22,True,True,True,False,False,5,497
596,2017-03-16 22:33:05,2017-03-16 22:33:05,95,484,Thur,22,22,True,True,True,False,False,5,464
597,2017-03-17 22:55:16,2017-03-17 22:55:16,99,547,Fri,22,22,True,True,False,False,False,6,484
598,2017-03-18 22:26:50,2017-03-18 22:26:50,89,534,Sat,22,22,False,True,False,False,False,5,547
599,2017-03-20 00:02:06,2017-03-20 00:02:06,79,438,Mon,0,0,True,True,False,False,False,4,534
600,2017-03-20 23:35:25,2017-03-20 23:35:25,88,461,Mon,23,23,True,True,False,False,False,5,438
601,2017-03-21 23:20:23,2017-03-21 23:20:23,79,421,Tue,23,23,True,True,False,False,False,4,461
602,2017-03-22 22:02:27,2017-03-22 22:02:27,72,432,Wed,22,22,False,True,True,False,False,4,421
603,2017-03-23 22:20:49,2017-03-23 22:20:49,76,441,Thur,22,22,True,True,True,False,False,4,432
604,2017-03-25 23:19:31,2017-03-25 23:19:31,100,476,Sat,23,23,True,True,False,False,False,5,441
605,2017-03-26 22:03:26,2017-03-26 22:03:26,83,449,Sun,22,22,True,True,True,False,False,4,476
606,2017-03-27 21:19:26,2017-03-27 21:19:26,78,502,Mon,21,21,False,True,True,False,False,5,449
607,2017-03-28 22:29:53,2017-03-28 22:29:53,78,431,Tue,22,22,True,True,True,False,False,4,502
608,2017-03-29 22:29:26,2017-03-29 22:29:26,79,454,Wed,22,22,True,True,True,False,False,5,431
609,2017-03-30 22:42:12,2017-03-30 22:42:12,93,531,Thur,22,22,True,True,True,False,False,5,454
610,2017-04-01 02:10:07,2017-04-01 02:10:07,80,387,Sat,2,2,True,True,False,False,False,4,531
611,2017-04-01 21:22:18,2017-04-01 21:22:18,95,594,Sat,21,21,False,True,False,False,False,6,387
612,2017-04-02 22:01:10,2017-04-02 22:01:10,90,499,Sun,22,22,True,True,True,False,False,5,594
613,2017-04-03 21:58:04,2017-04-03 21:58:04,92,483,Mon,21,21,False,True,False,False,False,5,499
614,2017-04-04 22:01:48,2017-04-04 22:01:48,81,489,Tue,22,22,False,True,True,False,False,5,483
615,2017-04-05 23:45:02,2017-04-05 23:45:02,73,395,Wed,23,23,True,True,True,False,False,4,489
616,2017-04-06 23:12:55,2017-04-06 23:12:55,68,427,Thur,23,23,True,True,True,False,False,4,395
617,2017-04-08 00:00:47,2017-04-08 00:00:47,75,449,Sat,0,0,True,True,True,False,False,4,427
618,2017-04-10 00:52:01,2017-04-10 00:52:01,65,340,Mon,0,0,True,False,False,False,False,3,449
619,2017-04-10 22:21:48,2017-04-10 22:21:48,70,439,Mon,22,22,False,True,True,False,False,4,340
620,2017-04-11 06:03:43,2017-04-11 06:03:43,6,27,Tue,6,6,False,False,False,False,False,0,439
621,2017-04-11 22:39:32,2017-04-11 22:39:32,67,436,Tue,22,22,False,False,False,False,False,4,27
622,2017-04-12 21:42:46,2017-04-12 21:42:46,74,551,Wed,21,21,False,True,False,False,False,6,436
623,2017-04-13 23:52:36,2017-04-13 23:52:36,83,492,Thur,23,23,True,True,False,False,False,5,551
624,2017-04-14 21:45:29,2017-04-14 21:45:29,88,607,Fri,21,21,False,True,False,False,False,6,492
625,2017-04-15 23:23:33,2017-04-15 23:23:33,73,462,Sat,23,23,False,True,False,False,False,5,607
626,2017-04-17 00:06:45,2017-04-17 00:06:45,83,464,Mon,0,0,True,True,False,False,False,5,462
627,2017-04-17 22:12:26,2017-04-17 22:12:26,66,461,Mon,22,22,True,True,False,False,False,5,464
628,2017-04-18 22:43:50,2017-04-18 22:43:50,59,456,Tue,22,22,True,True,True,False,False,5,461
629,2017-04-19 21:39:14,2017-04-19 21:39:14,75,471,Wed,21,21,False,False,False,False,False,5,456
630,2017-04-20 22:15:07,2017-04-20 22:15:07,75,446,Thur,22,22,True,True,True,False,False,4,471
631,2017-04-21 22:36:25,2017-04-21 22:36:25,83,549,Fri,22,22,True,True,True,False,False,6,446
632,2017-04-23 00:53:51,2017-04-23 00:53:51,86,464,Sun,0,0,True,True,False,False,False,5,549
633,2017-04-23 22:31:31,2017-04-23 22:31:31,75,479,Sun,22,22,True,False,False,False,False,5,464
634,2017-04-24 23:07:26,2017-04-24 23:07:26,72,447,Mon,23,23,True,True,True,False,False,4,479
635,2017-04-25 22:20:09,2017-04-25 22:20:09,85,480,Tue,22,22,True,True,True,False,False,5,447
636,2017-04-26 22:25:19,2017-04-26 22:25:19,68,486,Wed,22,22,True,True,True,False,False,5,480
637,2017-04-27 22:48:26,2017-04-27 22:48:26,64,471,Thur,22,22,True,True,True,False,False,5,486
638,2017-04-28 23:39:58,2017-04-28 23:39:58,90,517,Fri,23,23,True,True,False,True,False,5,471
639,2017-04-29 23:39:22,2017-04-29 23:39:22,74,463,Sat,23,23,True,True,False,False,False,5,517
640,2017-04-30 22:28:38,2017-04-30 22:28:38,72,467,Sun,22,22,True,True,True,False,False,5,463
641,2017-05-01 22:00:53,2017-05-01 22:00:53,74,496,Mon,22,22,True,True,True,False,False,5,467
642,2017-05-02 21:47:56,2017-05-02 21:47:56,77,496,Tue,21,21,True,True,True,False,False,5,496
643,2017-05-03 22:59:05,2017-05-03 22:59:05,59,441,Wed,22,22,True,True,True,False,False,4,496
644,2017-05-04 22:37:37,2017-05-04 22:37:37,73,452,Thur,22,22,True,True,True,False,False,5,441
645,2017-05-06 00:25:02,2017-05-06 00:25:02,83,440,Sat,0,0,True,True,True,False,False,4,452
646,2017-05-07 21:51:42,2017-05-07 21:51:42,81,498,Sun,21,21,True,False,False,False,False,5,440
647,2017-05-08 22:28:29,2017-05-08 22:28:29,66,463,Mon,22,22,True,True,True,False,False,5,498
648,2017-05-09 23:33:31,2017-05-09 23:33:31,64,389,Tue,23,23,True,True,True,False,False,4,463
649,2017-05-10 06:04:51,2017-05-10 06:04:51,18,100,Wed,6,6,False,False,False,False,False,1,389
650,2017-05-10 22:43:36,2017-05-10 22:43:36,82,452,Wed,22,22,True,True,False,False,False,5,100
651,2017-05-11 21:52:42,2017-05-11 21:52:42,95,527,Thur,21,21,True,True,True,False,False,5,452
652,2017-05-13 00:42:34,2017-05-13 00:42:34,73,419,Sat,0,0,True,True,True,False,False,4,527
653,2017-05-14 00:04:29,2017-05-14 00:04:29,73,486,Sun,0,0,False,True,False,False,False,5,419
654,2017-05-14 21:57:30,2017-05-14 21:57:30,77,502,Sun,21,21,True,True,False,False,False,5,486
655,2017-05-15 22:55:59,2017-05-15 22:55:59,75,454,Mon,22,22,True,True,True,False,False,5,502
656,2017-05-16 22:41:34,2017-05-16 22:41:34,73,456,Tue,22,22,False,True,False,False,False,5,454
657,2017-05-17 22:44:16,2017-05-17 22:44:16,90,476,Wed,22,22,True,True,True,False,False,5,456
658,2017-05-18 23:17:42,2017-05-18 23:17:42,88,430,Thur,23,23,True,True,True,True,False,4,476
659,2017-05-20 01:04:03,2017-05-20 01:04:03,73,472,Sat,1,1,True,True,True,False,False,5,430
660,2017-05-22 22:29:18,2017-05-22 22:29:18,90,546,Mon,22,22,False,True,True,False,False,6,472
661,2017-05-24 00:14:39,2017-05-24 00:14:39,70,452,Wed,0,0,True,False,True,False,False,5,546
662,2017-05-24 22:09:30,2017-05-24 22:09:30,82,508,Wed,22,22,False,True,True,False,False,5,452
663,2017-05-25 22:19:48,2017-05-25 22:19:48,73,484,Thur,22,22,False,True,True,False,False,5,508
664,2017-05-28 00:18:11,2017-05-28 00:18:11,81,463,Sun,0,0,True,False,True,False,False,5,484
665,2017-05-28 22:37:11,2017-05-28 22:37:11,75,461,Sun,22,22,True,False,False,False,False,5,463
666,2017-05-29 22:28:43,2017-05-29 22:28:43,88,462,Mon,22,22,True,False,True,True,False,5,461
667,2017-05-30 21:59:14,2017-05-30 21:59:14,75,501,Tue,21,21,True,False,True,False,True,5,462
668,2017-05-31 22:26:34,2017-05-31 22:26:34,86,439,Wed,22,22,True,True,True,False,False,4,501
669,2017-06-01 22:59:29,2017-06-01 22:59:29,80,461,Thur,22,22,True,True,True,False,False,5,439
670,2017-06-02 22:05:31,2017-06-02 22:05:31,69,485,Fri,22,22,True,True,False,False,False,5,461
671,2017-06-03 21:56:57,2017-06-03 21:56:57,72,556,Sat,21,21,True,False,True,False,False,6,485
672,2017-06-04 23:14:35,2017-06-04 23:14:35,67,426,Sun,23,23,True,False,False,False,False,4,556
673,2017-06-05 22:30:09,2017-06-05 22:30:09,74,467,Mon,22,22,True,False,True,False,False,5,426
674,2017-06-06 21:38:46,2017-06-06 21:38:46,76,494,Tue,21,21,True,True,True,True,False,5,467
675,2017-06-07 22:54:08,2017-06-07 22:54:08,41,460,Wed,22,22,True,True,True,False,False,5,494
676,2017-06-08 21:47:22,2017-06-08 21:47:22,70,510,Thur,21,21,False,True,False,False,False,5,460
677,2017-06-10 00:07:56,2017-06-10 00:07:56,67,467,Sat,0,0,False,False,False,False,False,5,510
678,2017-06-11 22:18:20,2017-06-11 22:18:20,78,472,Sun,22,22,False,False,False,False,False,5,467
679,2017-06-12 21:44:54,2017-06-12 21:44:54,93,512,Mon,21,21,False,False,False,False,False,5,472
680,2017-06-13 22:18:02,2017-06-13 22:18:02,74,474,Tue,22,22,False,False,False,False,False,5,512
681,2017-06-14 22:34:54,2017-06-14 22:34:54,68,458,Wed,22,22,False,False,False,False,False,5,474
682,2017-06-15 22:19:07,2017-06-15 22:19:07,76,468,Thur,22,22,False,False,False,False,False,5,458
683,2017-06-18 05:01:21,2017-06-18 05:01:21,31,153,Sun,5,5,False,False,False,False,False,1,468
684,2017-06-18 07:35:10,2017-06-18 07:35:10,7,34,Sun,7,7,False,False,False,False,False,0,153
685,2017-06-18 22:22:20,2017-06-18 22:22:20,66,459,Sun,22,22,False,False,False,False,False,5,34
686,2017-06-19 22:57:14,2017-06-19 22:57:14,70,446,Mon,22,22,False,False,False,False,False,4,459
687,2017-06-20 22:31:36,2017-06-20 22:31:36,77,463,Tue,22,22,False,False,False,False,False,5,446
688,2017-06-21 06:16:05,2017-06-21 06:16:05,10,47,Wed,6,6,False,False,False,False,False,0,463
689,2017-06-21 22:32:49,2017-06-21 22:32:49,72,457,Wed,22,22,False,False,False,False,False,5,47
690,2017-06-22 23:37:40,2017-06-22 23:37:40,59,420,Thur,23,23,False,False,False,False,False,4,457
691,2017-06-23 23:26:37,2017-06-23 23:26:37,74,464,Fri,23,23,False,False,False,False,False,5,420
692,2017-06-25 22:08:35,2017-06-25 22:08:35,83,490,Sun,22,22,False,False,False,False,False,5,464
693,2017-06-26 21:24:01,2017-06-26 21:24:01,90,531,Mon,21,21,False,False,False,False,False,5,490
694,2017-06-27 21:52:15,2017-06-27 21:52:15,86,521,Tue,21,21,False,False,False,False,False,5,531
695,2017-06-28 21:53:16,2017-06-28 21:53:16,69,508,Wed,21,21,False,False,False,False,False,5,521
696,2017-06-29 22:32:41,2017-06-29 22:32:41,77,480,Thur,22,22,False,False,False,False,False,5,508
697,2017-07-03 00:31:28,2017-07-03 00:31:28,81,432,Mon,0,0,False,False,False,False,False,4,480
698,2017-07-03 22:37:36,2017-07-03 22:37:36,73,461,Mon,22,22,False,False,False,False,False,5,432
699,2017-07-04 22:07:02,2017-07-04 22:07:02,74,468,Tue,22,22,False,False,False,False,False,5,461
700,2017-07-05 21:48:16,2017-07-05 21:48:16,66,475,Wed,21,21,False,False,False,False,False,5,468
701,2017-07-06 22:33:57,2017-07-06 22:33:57,73,477,Thur,22,22,False,False,False,False,False,5,475
702,2017-07-09 22:36:36,2017-07-09 22:36:36,70,442,Sun,22,22,False,False,False,False,False,4,477
703,2017-07-10 22:25:58,2017-07-10 22:25:58,74,455,Mon,22,22,False,False,False,False,False,5,442
704,2017-07-11 21:39:56,2017-07-11 21:39:56,65,506,Tue,21,21,False,False,False,False,False,5,455
705,2017-07-12 23:12:08,2017-07-12 23:12:08,67,433,Wed,23,23,False,False,False,False,False,4,506
706,2017-07-13 22:30:55,2017-07-13 22:30:55,81,494,Thur,22,22,False,False,False,False,False,5,433
707,2017-07-15 01:10:44,2017-07-15 01:10:44,78,403,Sat,1,1,False,False,False,False,False,4,494
708,2017-07-16 02:12:50,2017-07-16 02:12:50,69,340,Sun,2,2,False,False,False,False,False,3,403
709,2017-07-16 22:08:10,2017-07-16 22:08:10,70,497,Sun,22,22,False,False,False,False,False,5,340
710,2017-07-17 22:51:14,2017-07-17 22:51:14,71,446,Mon,22,22,False,False,False,False,False,4,497
711,2017-07-18 22:00:00,2017-07-18 22:00:00,84,519,Tue,22,22,False,False,False,False,False,5,446
712,2017-07-19 21:45:40,2017-07-19 21:45:40,87,489,Wed,21,21,False,False,False,False,False,5,519
713,2017-07-22 01:06:17,2017-07-22 01:06:17,68,408,Sat,1,1,False,False,False,False,False,4,489
714,2017-07-22 23:13:07,2017-07-22 23:13:07,78,477,Sat,23,23,False,False,False,False,False,5,408
715,2017-07-23 21:57:52,2017-07-23 21:57:52,84,471,Sun,21,21,False,False,False,False,False,5,477
716,2017-07-25 05:34:23,2017-07-25 05:34:23,5,21,Tue,5,5,False,False,False,False,False,0,471
717,2017-07-25 22:04:25,2017-07-25 22:04:25,87,463,Tue,22,22,False,False,False,False,False,5,21
718,2017-07-26 22:29:46,2017-07-26 22:29:46,74,455,Wed,22,22,False,False,False,False,False,5,463
719,2017-07-27 21:53:02,2017-07-27 21:53:02,51,477,Thur,21,21,False,False,False,False,False,5,455
720,2017-07-28 23:29:02,2017-07-28 23:29:02,38,413,Fri,23,23,False,False,False,False,False,4,477
721,2017-07-29 22:00:52,2017-07-29 22:00:52,72,529,Sat,22,22,False,False,False,False,False,5,413
722,2017-07-30 23:20:22,2017-07-30 23:20:22,89,432,Sun,23,23,False,False,False,False,False,4,529
723,2017-07-31 22:39:28,2017-07-31 22:39:28,82,459,Mon,22,22,False,False,False,False,False,5,432
724,2017-08-01 23:15:08,2017-08-01 23:15:08,77,414,Tue,23,23,False,False,False,False,False,4,459
725,2017-08-02 22:32:50,2017-08-02 22:32:50,81,453,Wed,22,22,False,False,False,False,False,5,414
726,2017-08-03 23:14:21,2017-08-03 23:14:21,80,438,Thur,23,23,False,False,False,False,False,4,453
727,2017-08-04 22:59:14,2017-08-04 22:59:14,76,511,Fri,22,22,False,False,False,False,False,5,438
728,2017-08-05 23:37:59,2017-08-05 23:37:59,81,480,Sat,23,23,False,False,False,False,False,5,511
729,2017-08-06 23:03:23,2017-08-06 23:03:23,99,548,Sun,23,23,False,False,False,False,False,6,480
730,2017-08-07 23:14:29,2017-08-07 23:14:29,73,506,Mon,23,23,False,False,False,False,False,5,548
731,2017-08-08 22:34:04,2017-08-08 22:34:04,81,451,Tue,22,22,False,False,False,False,False,5,506
732,2017-08-09 23:22:48,2017-08-09 23:22:48,59,390,Wed,23,23,False,False,False,False,False,4,451
733,2017-08-12 22:58:37,2017-08-12 22:58:37,79,462,Sat,22,22,False,False,False,False,False,5,390
734,2017-08-13 22:46:18,2017-08-13 22:46:18,58,424,Sun,22,22,False,False,False,False,False,4,462
735,2017-08-14 22:32:46,2017-08-14 22:32:46,67,438,Mon,22,22,False,False,False,False,False,4,424
736,2017-08-15 21:56:15,2017-08-15 21:56:15,83,514,Tue,21,21,False,False,False,False,False,5,438
737,2017-08-16 22:01:52,2017-08-16 22:01:52,81,447,Wed,22,22,False,False,False,False,False,4,514
738,2017-08-17 20:36:10,2017-08-17 20:36:10,35,496,Thur,20,20,False,False,False,False,False,5,447
739,2017-08-25 23:37:21,2017-08-25 23:37:21,30,420,Fri,23,23,False,False,False,False,False,4,496
740,2017-08-27 22:15:33,2017-08-27 22:15:33,94,524,Sun,22,22,False,False,False,False,False,5,420
741,2017-08-28 22:03:24,2017-08-28 22:03:24,82,557,Mon,22,22,False,False,False,False,False,6,524
742,2017-08-30 23:01:16,2017-08-30 23:01:16,74,457,Wed,23,23,False,False,False,False,False,5,557
743,2017-08-31 23:01:05,2017-08-31 23:01:05,81,495,Thur,23,23,False,False,False,False,False,5,457
744,2017-09-01 22:33:45,2017-09-01 22:33:45,89,544,Fri,22,22,False,False,False,False,False,6,495
745,2017-09-03 00:46:32,2017-09-03 00:46:32,81,441,Sun,0,0,False,False,False,False,False,4,544
746,2017-09-03 23:07:20,2017-09-03 23:07:20,84,494,Sun,23,23,False,False,False,False,False,5,441
747,2017-09-04 22:49:42,2017-09-04 22:49:42,59,437,Mon,22,22,False,False,False,False,False,4,494
748,2017-09-05 22:38:20,2017-09-05 22:38:20,81,450,Tue,22,22,False,False,False,False,False,5,437
749,2017-09-06 22:02:41,2017-09-06 22:02:41,79,479,Wed,22,22,False,False,False,False,False,5,450
750,2017-09-07 22:26:23,2017-09-07 22:26:23,77,459,Thur,22,22,False,False,False,False,False,5,479
751,2017-09-09 21:24:16,2017-09-09 21:24:16,74,528,Sat,21,21,False,False,False,False,False,5,459
752,2017-09-11 22:39:00,2017-09-11 22:39:00,56,447,Mon,22,22,False,False,False,False,False,4,528
753,2017-09-12 22:03:48,2017-09-12 22:03:48,86,484,Tue,22,22,False,False,False,False,False,5,447
754,2017-09-13 23:43:45,2017-09-13 23:43:45,55,408,Wed,23,23,False,False,False,False,False,4,484
755,2017-09-14 22:06:34,2017-09-14 22:06:34,79,479,Thur,22,22,False,False,False,False,False,5,408
756,2017-09-16 00:18:13,2017-09-16 00:18:13,91,513,Sat,0,0,False,False,False,False,False,5,479
757,2017-09-17 22:50:59,2017-09-17 22:50:59,71,461,Sun,22,22,False,False,False,False,False,5,513
758,2017-09-18 22:19:43,2017-09-18 22:19:43,69,464,Mon,22,22,False,False,False,False,False,5,461
759,2017-09-19 22:16:47,2017-09-19 22:16:47,76,467,Tue,22,22,False,False,False,False,False,5,464
760,2017-09-20 22:04:28,2017-09-20 22:04:28,65,482,Wed,22,22,False,False,False,False,False,5,467
761,2017-09-21 22:23:28,2017-09-21 22:23:28,72,464,Thur,22,22,False,False,False,False,False,5,482
762,2017-09-24 21:44:24,2017-09-24 21:44:24,80,493,Sun,21,21,False,False,False,False,False,5,464
763,2017-09-25 22:17:38,2017-09-25 22:17:38,73,481,Mon,22,22,False,False,False,False,False,5,493
764,2017-09-26 23:01:43,2017-09-26 23:01:43,66,407,Tue,23,23,False,False,False,False,False,4,481
765,2017-09-27 22:06:02,2017-09-27 22:06:02,83,482,Wed,22,22,False,False,False,False,False,5,407
766,2017-09-28 23:36:21,2017-09-28 23:36:21,75,424,Thur,23,23,False,False,False,False,False,4,482
767,2017-09-29 23:14:44,2017-09-29 23:14:44,80,526,Fri,23,23,False,False,False,False,False,5,424
768,2017-10-01 00:03:39,2017-10-01 00:03:39,79,453,Sun,0,0,False,False,False,False,False,5,526
769,2017-10-01 21:44:19,2017-10-01 21:44:19,69,501,Sun,21,21,False,False,False,False,False,5,453
770,2017-10-02 22:55:18,2017-10-02 22:55:18,76,425,Mon,22,22,False,False,False,False,False,4,501
771,2017-10-03 21:41:07,2017-10-03 21:41:07,96,524,Tue,21,21,False,False,False,False,False,5,425
772,2017-10-04 22:44:21,2017-10-04 22:44:21,75,440,Wed,22,22,False,False,False,False,False,4,524
773,2017-10-05 21:24:20,2017-10-05 21:24:20,76,433,Thur,21,21,False,False,False,False,False,4,440
774,2017-10-06 22:56:47,2017-10-06 22:56:47,55,527,Fri,22,22,False,False,False,False,False,5,433
775,2017-10-07 21:57:55,2017-10-07 21:57:55,71,607,Sat,21,21,False,False,False,False,False,6,527
776,2017-10-09 22:27:21,2017-10-09 22:27:21,79,462,Mon,22,22,False,False,False,False,False,5,607
777,2017-10-10 22:23:41,2017-10-10 22:23:41,80,456,Tue,22,22,False,False,False,False,False,5,462
778,2017-10-11 22:32:30,2017-10-11 22:32:30,71,458,Wed,22,22,False,False,False,False,False,5,456
779,2017-10-12 22:22:18,2017-10-12 22:22:18,79,494,Thur,22,22,False,False,False,False,False,5,458
780,2017-10-13 23:03:57,2017-10-13 23:03:57,88,551,Fri,23,23,False,False,False,False,False,6,494
781,2017-10-14 22:58:56,2017-10-14 22:58:56,80,505,Sat,22,22,False,False,False,False,False,5,551
782,2017-10-15 22:47:15,2017-10-15 22:47:15,69,429,Sun,22,22,False,False,False,False,False,4,505
783,2017-10-16 21:51:31,2017-10-16 21:51:31,74,489,Mon,21,21,False,False,False,False,False,5,429
784,2017-10-17 21:41:00,2017-10-17 21:41:00,78,501,Tue,21,21,False,False,False,False,False,5,489
785,2017-10-19 00:01:27,2017-10-19 00:01:27,60,360,Thur,0,0,False,False,False,False,False,4,501
786,2017-10-19 21:13:33,2017-10-19 21:13:33,100,540,Thur,21,21,False,False,False,False,False,6,360
787,2017-10-21 00:05:16,2017-10-21 00:05:16,89,471,Sat,0,0,False,False,False,False,False,5,540
788,2017-10-22 00:25:34,2017-10-22 00:25:34,79,440,Sun,0,0,False,False,False,False,False,4,471
789,2017-10-22 21:50:11,2017-10-22 21:50:11,82,490,Sun,21,21,False,False,False,False,False,5,440
790,2017-10-23 22:18:50,2017-10-23 22:18:50,65,462,Mon,22,22,False,False,False,False,False,5,490
791,2017-10-24 22:15:22,2017-10-24 22:15:22,83,471,Tue,22,22,False,False,False,False,False,5,462
792,2017-10-25 21:55:37,2017-10-25 21:55:37,65,485,Wed,21,21,False,False,False,False,False,5,471
793,2017-10-27 01:50:09,2017-10-27 01:50:09,59,301,Fri,1,1,False,False,False,False,False,3,485
794,2017-10-28 22:51:22,2017-10-28 22:51:22,91,540,Sat,22,22,False,False,False,False,False,6,301
795,2017-10-29 22:26:09,2017-10-29 22:26:09,78,454,Sun,22,22,False,False,False,False,False,5,540
796,2017-10-30 22:52:29,2017-10-30 22:52:29,62,411,Mon,22,22,False,False,False,False,False,4,454
797,2017-10-31 23:29:23,2017-10-31 23:29:23,49,333,Tue,23,23,False,False,False,False,False,3,411
798,2017-11-02 21:25:12,2017-11-02 21:25:12,74,536,Thur,21,21,False,False,False,False,False,5,333
799,2017-11-03 23:23:48,2017-11-03 23:23:48,89,482,Fri,23,23,False,False,False,False,False,5,536
800,2017-11-05 22:30:18,2017-11-05 22:30:18,70,455,Sun,22,22,False,False,False,False,False,5,482
801,2017-11-06 22:08:49,2017-11-06 22:08:49,75,469,Mon,22,22,False,False,False,False,False,5,455
802,2017-11-07 21:01:59,2017-11-07 21:01:59,90,523,Tue,21,21,False,False,False,False,False,5,469
803,2017-11-08 23:11:50,2017-11-08 23:11:50,76,438,Wed,23,23,False,False,False,False,False,4,523
804,2017-11-09 22:04:06,2017-11-09 22:04:06,96,551,Thur,22,22,False,False,False,False,False,6,438
805,2017-11-10 23:29:46,2017-11-10 23:29:46,83,471,Fri,23,23,False,False,False,False,False,5,551
806,2017-11-11 23:06:26,2017-11-11 23:06:26,84,491,Sat,23,23,False,False,False,False,False,5,471
807,2017-11-12 23:39:58,2017-11-12 23:39:58,79,530,Sun,23,23,False,False,False,False,False,5,491
808,2017-11-14 21:16:47,2017-11-14 21:16:47,93,574,Tue,21,21,False,False,False,False,False,6,530
809,2017-11-15 21:23:57,2017-11-15 21:23:57,85,567,Wed,21,21,False,False,False,False,False,6,574
810,2017-11-16 22:33:27,2017-11-16 22:33:27,80,454,Thur,22,22,False,False,False,False,False,5,567
811,2017-11-17 23:08:36,2017-11-17 23:08:36,91,491,Fri,23,23,False,False,False,False,False,5,454
812,2017-11-19 21:58:13,2017-11-19 21:58:13,82,484,Sun,21,21,False,False,False,False,False,5,491
813,2017-11-20 22:26:32,2017-11-20 22:26:32,86,453,Mon,22,22,False,False,False,False,False,5,484
814,2017-11-21 22:26:00,2017-11-21 22:26:00,68,451,Tue,22,22,False,False,False,False,False,5,453
815,2017-11-22 22:34:51,2017-11-22 22:34:51,80,446,Wed,22,22,False,False,False,False,False,4,451
816,2017-11-23 22:56:54,2017-11-23 22:56:54,80,453,Thur,22,22,False,False,False,False,False,5,446
817,2017-11-25 23:14:12,2017-11-25 23:14:12,100,545,Sat,23,23,False,False,False,False,False,6,453
818,2017-11-26 22:10:04,2017-11-26 22:10:04,63,475,Sun,22,22,False,False,False,False,False,5,545
819,2017-11-27 22:36:02,2017-11-27 22:36:02,73,442,Mon,22,22,False,False,False,False,False,4,475
820,2017-11-28 22:54:56,2017-11-28 22:54:56,80,434,Tue,22,22,False,False,False,False,False,4,442
821,2017-11-29 22:33:33,2017-11-29 22:33:33,83,472,Wed,22,22,False,False,False,False,False,5,434
822,2017-11-30 20:54:34,2017-11-30 20:54:34,77,541,Thur,20,20,False,False,False,False,False,6,472
823,2017-12-03 23:10:31,2017-12-03 23:10:31,63,425,Sun,23,23,False,False,False,False,False,4,541
824,2017-12-04 21:20:58,2017-12-04 21:20:58,70,509,Mon,21,21,False,False,False,False,False,5,425
825,2017-12-05 22:56:23,2017-12-05 22:56:23,68,439,Tue,22,22,False,False,False,False,False,4,509
826,2017-12-06 21:56:53,2017-12-06 21:56:53,63,473,Wed,21,21,False,False,False,False,False,5,439
827,2017-12-07 22:04:25,2017-12-07 22:04:25,82,507,Thur,22,22,False,False,False,False,False,5,473
828,2017-12-09 23:39:39,2017-12-09 23:39:39,95,515,Sat,23,23,False,False,False,False,False,5,507
829,2017-12-10 22:16:12,2017-12-10 22:16:12,70,469,Sun,22,22,False,False,False,False,False,5,515
830,2017-12-11 21:47:09,2017-12-11 21:47:09,68,489,Mon,21,21,False,False,False,False,False,5,469
831,2017-12-12 22:09:55,2017-12-12 22:09:55,72,465,Tue,22,22,False,False,False,False,False,5,489
832,2017-12-14 22:47:44,2017-12-14 22:47:44,60,424,Thur,22,22,False,False,False,False,False,4,465
833,2017-12-17 21:35:13,2017-12-17 21:35:13,80,513,Sun,21,21,False,False,False,False,False,5,424
834,2017-12-18 21:39:40,2017-12-18 21:39:40,79,506,Mon,21,21,False,False,False,False,False,5,513
835,2017-12-19 22:05:48,2017-12-19 22:05:48,79,500,Tue,22,22,False,False,False,False,False,5,506
836,2017-12-20 21:30:02,2017-12-20 21:30:02,59,502,Wed,21,21,False,False,False,False,False,5,500
837,2017-12-21 22:10:42,2017-12-21 22:10:42,75,524,Thur,22,22,False,False,False,False,False,5,502
838,2017-12-26 21:19:56,2017-12-26 21:19:56,97,635,Tue,21,21,False,False,False,False,False,7,524
839,2017-12-29 00:06:23,2017-12-29 00:06:23,75,470,Fri,0,0,False,False,False,False,False,5,635
840,2017-12-29 22:00:17,2017-12-29 22:00:17,75,608,Fri,22,22,False,False,False,False,False,6,470
841,2018-01-01 21:30:48,2018-01-01 21:30:48,81,505,Mon,21,21,False,False,False,False,False,5,608
842,2018-01-02 22:31:35,2018-01-02 22:31:35,76,437,Tue,22,22,False,False,False,False,False,4,505
843,2018-01-03 20:28:55,2018-01-03 20:28:55,0,0,Wed,20,20,False,False,False,False,False,0,437
844,2018-01-04 22:19:49,2018-01-04 22:19:49,91,545,Thur,22,22,False,False,False,False,False,6,0
845,2018-01-06 23:13:54,2018-01-06 23:13:54,86,526,Sat,23,23,False,False,False,False,False,5,545
846,2018-01-07 22:09:01,2018-01-07 22:09:01,83,481,Sun,22,22,False,False,False,False,False,5,526
847,2018-01-08 22:53:56,2018-01-08 22:53:56,77,411,Mon,22,22,False,False,False,False,False,4,481
848,2018-01-09 22:22:48,2018-01-09 22:22:48,90,481,Tue,22,22,False,False,False,False,False,5,411
849,2018-01-10 21:31:25,2018-01-10 21:31:25,71,458,Wed,21,21,False,False,False,False,False,5,481
850,2018-01-11 21:54:18,2018-01-11 21:54:18,70,426,Thur,21,21,False,False,False,False,False,4,458
851,2018-01-12 21:50:07,2018-01-12 21:50:07,70,588,Fri,21,21,False,False,False,False,False,6,426
852,2018-01-13 22:07:20,2018-01-13 22:07:20,64,542,Sat,22,22,False,False,False,False,False,6,588
853,2018-01-14 22:02:09,2018-01-14 22:02:09,73,468,Sun,22,22,False,False,False,False,False,5,542
854,2018-01-15 22:45:03,2018-01-15 22:45:03,79,435,Mon,22,22,False,False,False,False,False,4,468
855,2018-01-16 22:09:46,2018-01-16 22:09:46,71,471,Tue,22,22,False,False,False,False,False,5,435
856,2018-01-17 22:45:11,2018-01-17 22:45:11,84,447,Wed,22,22,False,False,False,False,False,4,471
857,2018-01-18 22:46:26,2018-01-18 22:46:26,59,482,Thur,22,22,False,False,False,False,False,5,447
858,2018-01-19 22:21:24,2018-01-19 22:21:24,71,601,Fri,22,22,False,False,False,False,False,6,482
859,2018-01-20 23:44:10,2018-01-20 23:44:10,67,437,Sat,23,23,False,False,False,False,False,4,601
860,2018-01-21 22:04:55,2018-01-21 22:04:55,84,476,Sun,22,22,False,False,False,False,False,5,437
861,2018-01-22 23:15:57,2018-01-22 23:15:57,66,404,Mon,23,23,False,False,False,False,False,4,476
862,2018-01-23 21:41:50,2018-01-23 21:41:50,73,498,Tue,21,21,False,False,False,False,False,5,404
863,2018-01-24 20:58:39,2018-01-24 20:58:39,84,543,Wed,20,20,False,False,False,False,False,6,498
864,2018-01-25 23:17:03,2018-01-25 23:17:03,72,403,Thur,23,23,False,False,False,False,False,4,543
865,2018-01-26 22:13:41,2018-01-26 22:13:41,92,547,Fri,22,22,False,False,False,False,False,6,403
866,2018-01-28 01:21:47,2018-01-28 01:21:47,81,447,Sun,1,1,False,False,False,False,False,4,547
867,2018-01-28 21:30:54,2018-01-28 21:30:54,69,449,Sun,21,21,False,False,False,False,False,4,447
868,2018-01-29 21:37:33,2018-01-29 21:37:33,79,503,Mon,21,21,False,False,False,False,False,5,449
869,2018-01-30 22:18:44,2018-01-30 22:18:44,77,464,Tue,22,22,False,False,False,False,False,5,503
870,2018-01-31 22:29:56,2018-01-31 22:29:56,72,452,Wed,22,22,False,False,False,False,False,5,464
871,2018-02-01 21:25:06,2018-02-01 21:25:06,80,560,Thur,21,21,False,False,False,False,False,6,452
872,2018-02-03 02:20:39,2018-02-03 02:20:39,65,323,Sat,2,2,False,False,False,False,False,3,560
873,2018-02-03 08:32:14,2018-02-03 08:32:14,8,36,Sat,8,8,False,False,False,False,False,0,323
874,2018-02-03 22:29:00,2018-02-03 22:29:00,96,548,Sat,22,22,False,False,False,False,False,6,36
875,2018-02-04 23:09:25,2018-02-04 23:09:25,72,412,Sun,23,23,False,False,False,False,False,4,548
876,2018-02-05 22:02:05,2018-02-05 22:02:05,78,478,Mon,22,22,False,False,False,False,False,5,412
877,2018-02-06 21:44:05,2018-02-06 21:44:05,82,508,Tue,21,21,False,False,False,False,False,5,478
878,2018-02-07 23:18:52,2018-02-07 23:18:52,73,449,Wed,23,23,False,False,False,False,False,4,508
879,2018-02-08 22:41:38,2018-02-08 22:41:38,93,438,Thur,22,22,False,False,False,False,False,4,449
880,2018-02-09 23:07:55,2018-02-09 23:07:55,76,498,Fri,23,23,False,False,False,False,False,5,438
881,2018-02-11 22:44:25,2018-02-11 22:44:25,91,504,Sun,22,22,False,False,False,False,False,5,498
882,2018-02-12 21:54:14,2018-02-12 21:54:14,91,548,Mon,21,21,False,False,False,False,False,6,504
883,2018-02-13 23:49:19,2018-02-13 23:49:19,81,431,Tue,23,23,False,False,False,False,False,4,548
884,2018-02-14 21:24:05,2018-02-14 21:24:05,71,536,Wed,21,21,False,False,False,False,False,5,431
885,2018-02-15 21:36:32,2018-02-15 21:36:32,80,553,Thur,21,21,False,False,False,False,False,6,536
886,2018-02-16 22:52:29,2018-02-16 22:52:29,91,535,Fri,22,22,False,False,False,False,False,5,553
